Timestamp,Roll(rads),Pitch(rads),Yaw(rads)
04-May-2019 22:06:18.346, 0.8363, 1.5011,-0.9239
04-May-2019 22:06:18.348, 0.8363, 1.5011,-0.9239
04-May-2019 22:06:18.350, 0.8363, 1.5011,-0.9239
04-May-2019 22:06:18.351, 0.8331, 1.5012,-0.9209
04-May-2019 22:06:18.365, 0.8261, 1.5012,-0.9143
04-May-2019 22:06:18.384, 0.8124, 1.5010,-0.9011
04-May-2019 22:06:18.404, 0.8006, 1.5004,-0.8896
04-May-2019 22:06:18.423, 0.7889, 1.4992,-0.8785
04-May-2019 22:06:18.443, 0.7770, 1.4976,-0.8671
04-May-2019 22:06:18.462, 0.7711, 1.4965,-0.8616
04-May-2019 22:06:18.482, 0.7724, 1.4960,-0.8628
04-May-2019 22:06:18.501, 0.7718, 1.4953,-0.8614
04-May-2019 22:06:18.521, 0.7694, 1.4949,-0.8584
04-May-2019 22:06:18.540, 0.7673, 1.4948,-0.8562
04-May-2019 22:06:18.559, 0.7605, 1.4947,-0.8492
04-May-2019 22:06:18.579, 0.7473, 1.4941,-0.8357
04-May-2019 22:06:18.599, 0.7299, 1.4931,-0.8177
04-May-2019 22:06:18.618, 0.7114, 1.4922,-0.7986
04-May-2019 22:06:18.637, 0.6878, 1.4914,-0.7745
04-May-2019 22:06:18.657, 0.6612, 1.4903,-0.7477
04-May-2019 22:06:18.678, 0.6404, 1.4893,-0.7265
04-May-2019 22:06:18.697, 0.6270, 1.4885,-0.7121
04-May-2019 22:06:18.717, 0.6129, 1.4874,-0.6973
04-May-2019 22:06:18.735, 0.5958, 1.4858,-0.6806
04-May-2019 22:06:18.754, 0.5837, 1.4843,-0.6692
04-May-2019 22:06:18.774, 0.5693, 1.4819,-0.6555
04-May-2019 22:06:18.793, 0.5579, 1.4788,-0.6436
04-May-2019 22:06:18.813, 0.5474, 1.4751,-0.6321
04-May-2019 22:06:18.832, 0.5375, 1.4714,-0.6209
04-May-2019 22:06:18.852, 0.5240, 1.4677,-0.6070
04-May-2019 22:06:18.872, 0.5062, 1.4636,-0.5893
04-May-2019 22:06:18.891, 0.4876, 1.4593,-0.5712
04-May-2019 22:06:18.911, 0.4717, 1.4552,-0.5555
04-May-2019 22:06:18.930, 0.4606, 1.4520,-0.5444
04-May-2019 22:06:18.949, 0.4407, 1.4470,-0.5248
04-May-2019 22:06:18.968, 0.4183, 1.4417,-0.5028
04-May-2019 22:06:18.988, 0.4006, 1.4374,-0.4850
04-May-2019 22:06:19.007, 0.3890, 1.4341,-0.4723
04-May-2019 22:06:19.027, 0.3710, 1.4288,-0.4526
04-May-2019 22:06:19.047, 0.3493, 1.4215,-0.4285
04-May-2019 22:06:19.067, 0.3327, 1.4149,-0.4105
04-May-2019 22:06:19.086, 0.3208, 1.4099,-0.3986
04-May-2019 22:06:19.105, 0.3114, 1.4062,-0.3897
04-May-2019 22:06:19.124, 0.2964, 1.4006,-0.3756
04-May-2019 22:06:19.143, 0.2813, 1.3947,-0.3608
04-May-2019 22:06:19.163, 0.2678, 1.3889,-0.3473
04-May-2019 22:06:19.183, 0.2563, 1.3827,-0.3355
04-May-2019 22:06:19.202, 0.2444, 1.3766,-0.3237
04-May-2019 22:06:19.222, 0.2320, 1.3719,-0.3124
04-May-2019 22:06:19.241, 0.2204, 1.3686,-0.3031
04-May-2019 22:06:19.261, 0.2127, 1.3664,-0.2973
04-May-2019 22:06:19.280, 0.2049, 1.3628,-0.2907
04-May-2019 22:06:19.299, 0.1988, 1.3577,-0.2842
04-May-2019 22:06:19.319, 0.1918, 1.3509,-0.2764
04-May-2019 22:06:19.338, 0.1844, 1.3442,-0.2695
04-May-2019 22:06:19.357, 0.1775, 1.3384,-0.2641
04-May-2019 22:06:19.377, 0.1707, 1.3328,-0.2590
04-May-2019 22:06:19.398, 0.1639, 1.3262,-0.2538
04-May-2019 22:06:19.417, 0.1587, 1.3182,-0.2494
04-May-2019 22:06:19.437, 0.1571, 1.3098,-0.2473
04-May-2019 22:06:19.455, 0.1578, 1.3038,-0.2471
04-May-2019 22:06:19.474, 0.1603, 1.2962,-0.2478
04-May-2019 22:06:19.494, 0.1636, 1.2892,-0.2482
04-May-2019 22:06:19.513, 0.1654, 1.2835,-0.2477
04-May-2019 22:06:19.533, 0.1659, 1.2792,-0.2469
04-May-2019 22:06:19.552, 0.1657, 1.2754,-0.2459
04-May-2019 22:06:19.572, 0.1640, 1.2709,-0.2433
04-May-2019 22:06:19.591, 0.1613, 1.2644,-0.2397
04-May-2019 22:06:19.612, 0.1586, 1.2561,-0.2360
04-May-2019 22:06:19.630, 0.1571, 1.2473,-0.2330
04-May-2019 22:06:19.650, 0.1576, 1.2414,-0.2319
04-May-2019 22:06:19.669, 0.1590, 1.2343,-0.2307
04-May-2019 22:06:19.688, 0.1585, 1.2276,-0.2285
04-May-2019 22:06:19.708, 0.1553, 1.2219,-0.2254
04-May-2019 22:06:19.727, 0.1511, 1.2164,-0.2215
04-May-2019 22:06:19.747, 0.1477, 1.2108,-0.2178
04-May-2019 22:06:19.766, 0.1460, 1.2051,-0.2148
04-May-2019 22:06:19.787, 0.1447, 1.1990,-0.2119
04-May-2019 22:06:19.805, 0.1429, 1.1944,-0.2095
04-May-2019 22:06:19.825, 0.1396, 1.1887,-0.2066
04-May-2019 22:06:19.844, 0.1370, 1.1841,-0.2044
04-May-2019 22:06:19.864, 0.1348, 1.1801,-0.2026
04-May-2019 22:06:19.883, 0.1335, 1.1758,-0.2013
04-May-2019 22:06:19.902, 0.1330, 1.1711,-0.2004
04-May-2019 22:06:19.922, 0.1330, 1.1657,-0.1996
04-May-2019 22:06:19.941, 0.1332, 1.1601,-0.1992
04-May-2019 22:06:19.961, 0.1334, 1.1551,-0.1992
04-May-2019 22:06:19.982, 0.1343, 1.1507,-0.1996
04-May-2019 22:06:20.000, 0.1346, 1.1479,-0.1997
04-May-2019 22:06:20.020, 0.1346, 1.1446,-0.1998
04-May-2019 22:06:20.039, 0.1344, 1.1414,-0.1999
04-May-2019 22:06:20.058, 0.1339, 1.1379,-0.1994
04-May-2019 22:06:20.078, 0.1329, 1.1344,-0.1987
04-May-2019 22:06:20.097, 0.1318, 1.1311,-0.1978
04-May-2019 22:06:20.117, 0.1305, 1.1280,-0.1968
04-May-2019 22:06:20.137, 0.1292, 1.1246,-0.1959
04-May-2019 22:06:20.157, 0.1276, 1.1213,-0.1945
04-May-2019 22:06:20.175, 0.1262, 1.1183,-0.1929
04-May-2019 22:06:20.194, 0.1247, 1.1164,-0.1916
04-May-2019 22:06:20.214, 0.1225, 1.1139,-0.1896
04-May-2019 22:06:20.233, 0.1203, 1.1113,-0.1879
04-May-2019 22:06:20.253, 0.1183, 1.1088,-0.1863
04-May-2019 22:06:20.272, 0.1167, 1.1061,-0.1849
04-May-2019 22:06:20.292, 0.1152, 1.1033,-0.1836
04-May-2019 22:06:20.313, 0.1139, 1.1016,-0.1826
04-May-2019 22:06:20.331, 0.1136, 1.1016,-0.1830
04-May-2019 22:06:20.350, 0.1140, 1.1015,-0.1832
04-May-2019 22:06:20.370, 0.1149, 1.0989,-0.1830
04-May-2019 22:06:20.390, 0.1165, 1.0960,-0.1829
04-May-2019 22:06:20.409, 0.1170, 1.0933,-0.1828
04-May-2019 22:06:20.428, 0.1167, 1.0906,-0.1827
04-May-2019 22:06:20.447, 0.1155, 1.0880,-0.1822
04-May-2019 22:06:20.467, 0.1140, 1.0851,-0.1815
04-May-2019 22:06:20.486, 0.1123, 1.0820,-0.1804
04-May-2019 22:06:20.506, 0.1103, 1.0788,-0.1793
04-May-2019 22:06:20.526, 0.1085, 1.0758,-0.1783
04-May-2019 22:06:20.545, 0.1074, 1.0732,-0.1778
04-May-2019 22:06:20.564, 0.1071, 1.0714,-0.1777
04-May-2019 22:06:20.584, 0.1067, 1.0688,-0.1777
04-May-2019 22:06:20.603, 0.1064, 1.0656,-0.1776
04-May-2019 22:06:20.623, 0.1058, 1.0617,-0.1768
04-May-2019 22:06:20.642, 0.1055, 1.0575,-0.1758
04-May-2019 22:06:20.661, 0.1052, 1.0534,-0.1747
04-May-2019 22:06:20.682, 0.1043, 1.0495,-0.1737
04-May-2019 22:06:20.701, 0.1020, 1.0462,-0.1726
04-May-2019 22:06:20.720, 0.0991, 1.0432,-0.1712
04-May-2019 22:06:20.739, 0.0972, 1.0406,-0.1701
04-May-2019 22:06:20.759, 0.0952, 1.0368,-0.1690
04-May-2019 22:06:20.779, 0.0935, 1.0329,-0.1681
04-May-2019 22:06:20.798, 0.0920, 1.0288,-0.1675
04-May-2019 22:06:20.817, 0.0906, 1.0251,-0.1673
04-May-2019 22:06:20.838, 0.0893, 1.0219,-0.1671
04-May-2019 22:06:20.857, 0.0892, 1.0189,-0.1673
04-May-2019 22:06:20.877, 0.0901, 1.0160,-0.1674
04-May-2019 22:06:20.897, 0.0914, 1.0131,-0.1673
04-May-2019 22:06:20.915, 0.0922, 1.0108,-0.1669
04-May-2019 22:06:20.934, 0.0934, 1.0072,-0.1662
04-May-2019 22:06:20.953, 0.0936, 1.0034,-0.1656
04-May-2019 22:06:20.973, 0.0925, 0.9996,-0.1651
04-May-2019 22:06:20.992, 0.0909, 0.9956,-0.1643
04-May-2019 22:06:21.012, 0.0900, 0.9920,-0.1632
04-May-2019 22:06:21.032, 0.0897, 0.9890,-0.1620
04-May-2019 22:06:21.051, 0.0899, 0.9865,-0.1614
04-May-2019 22:06:21.071, 0.0906, 0.9845,-0.1613
04-May-2019 22:06:21.090, 0.0911, 0.9830,-0.1613
04-May-2019 22:06:21.109, 0.0911, 0.9800,-0.1611
04-May-2019 22:06:21.129, 0.0900, 0.9768,-0.1604
04-May-2019 22:06:21.148, 0.0884, 0.9738,-0.1596
04-May-2019 22:06:21.168, 0.0870, 0.9708,-0.1588
04-May-2019 22:06:21.187, 0.0860, 0.9678,-0.1582
04-May-2019 22:06:21.207, 0.0850, 0.9651,-0.1577
04-May-2019 22:06:21.226, 0.0843, 0.9622,-0.1572
04-May-2019 22:06:21.247, 0.0837, 0.9592,-0.1564
04-May-2019 22:06:21.265, 0.0838, 0.9562,-0.1556
04-May-2019 22:06:21.284, 0.0845, 0.9535,-0.1550
04-May-2019 22:06:21.304, 0.0859, 0.9499,-0.1540
04-May-2019 22:06:21.323, 0.0874, 0.9465,-0.1531
04-May-2019 22:06:21.343, 0.0886, 0.9428,-0.1522
04-May-2019 22:06:21.362, 0.0895, 0.9391,-0.1514
04-May-2019 22:06:21.382, 0.0900, 0.9353,-0.1506
04-May-2019 22:06:21.401, 0.0909, 0.9311,-0.1500
04-May-2019 22:06:21.421, 0.0924, 0.9266,-0.1494
04-May-2019 22:06:21.440, 0.0937, 0.9225,-0.1489
04-May-2019 22:06:21.460, 0.0943, 0.9198,-0.1486
04-May-2019 22:06:21.479, 0.0943, 0.9159,-0.1483
04-May-2019 22:06:21.498, 0.0942, 0.9120,-0.1483
04-May-2019 22:06:21.518, 0.0944, 0.9080,-0.1485
04-May-2019 22:06:21.537, 0.0951, 0.9041,-0.1486
04-May-2019 22:06:21.557, 0.0970, 0.9004,-0.1495
04-May-2019 22:06:21.577, 0.0999, 0.8974,-0.1509
04-May-2019 22:06:21.598, 0.1023, 0.8938,-0.1522
04-May-2019 22:06:21.617, 0.1040, 0.8904,-0.1535
04-May-2019 22:06:21.635, 0.1041, 0.8878,-0.1541
04-May-2019 22:06:21.654, 0.1037, 0.8839,-0.1546
04-May-2019 22:06:21.674, 0.1035, 0.8796,-0.1546
04-May-2019 22:06:21.693, 0.1036, 0.8751,-0.1543
04-May-2019 22:06:21.713, 0.1042, 0.8700,-0.1538
04-May-2019 22:06:21.732, 0.1053, 0.8642,-0.1533
04-May-2019 22:06:21.751, 0.1061, 0.8587,-0.1530
04-May-2019 22:06:21.771, 0.1066, 0.8534,-0.1529
04-May-2019 22:06:21.791, 0.1073, 0.8481,-0.1533
04-May-2019 22:06:21.811, 0.1083, 0.8440,-0.1538
04-May-2019 22:06:21.830, 0.1095, 0.8381,-0.1544
04-May-2019 22:06:21.849, 0.1110, 0.8315,-0.1550
04-May-2019 22:06:21.868, 0.1125, 0.8248,-0.1554
04-May-2019 22:06:21.888, 0.1136, 0.8188,-0.1556
04-May-2019 22:06:21.907, 0.1141, 0.8135,-0.1557
04-May-2019 22:06:21.927, 0.1139, 0.8086,-0.1558
04-May-2019 22:06:21.946, 0.1129, 0.8037,-0.1556
04-May-2019 22:06:21.966, 0.1119, 0.7979,-0.1550
04-May-2019 22:06:21.985, 0.1113, 0.7935,-0.1545
04-May-2019 22:06:22.004, 0.1108, 0.7879,-0.1539
04-May-2019 22:06:22.024, 0.1103, 0.7837,-0.1535
04-May-2019 22:06:22.044, 0.1092, 0.7801,-0.1531
04-May-2019 22:06:22.063, 0.1082, 0.7760,-0.1526
04-May-2019 22:06:22.082, 0.1072, 0.7711,-0.1521
04-May-2019 22:06:22.102, 0.1058, 0.7659,-0.1513
04-May-2019 22:06:22.121, 0.1049, 0.7610,-0.1505
04-May-2019 22:06:22.141, 0.1053, 0.7555,-0.1495
04-May-2019 22:06:22.161, 0.1063, 0.7495,-0.1487
04-May-2019 22:06:22.180, 0.1067, 0.7453,-0.1482
04-May-2019 22:06:22.199, 0.1065, 0.7403,-0.1478
04-May-2019 22:06:22.219, 0.1062, 0.7353,-0.1476
04-May-2019 22:06:22.238, 0.1064, 0.7300,-0.1476
04-May-2019 22:06:22.258, 0.1069, 0.7245,-0.1477
04-May-2019 22:06:22.277, 0.1076, 0.7198,-0.1479
04-May-2019 22:06:22.297, 0.1078, 0.7160,-0.1480
04-May-2019 22:06:22.317, 0.1079, 0.7122,-0.1482
04-May-2019 22:06:22.337, 0.1085, 0.7080,-0.1484
04-May-2019 22:06:22.355, 0.1097, 0.7032,-0.1486
04-May-2019 22:06:22.374, 0.1111, 0.6994,-0.1488
04-May-2019 22:06:22.394, 0.1132, 0.6948,-0.1489
04-May-2019 22:06:22.414, 0.1152, 0.6896,-0.1493
04-May-2019 22:06:22.433, 0.1162, 0.6843,-0.1497
04-May-2019 22:06:22.452, 0.1159, 0.6799,-0.1500
04-May-2019 22:06:22.472, 0.1143, 0.6762,-0.1500
04-May-2019 22:06:22.492, 0.1121, 0.6721,-0.1494
04-May-2019 22:06:22.512, 0.1094, 0.6674,-0.1478
04-May-2019 22:06:22.530, 0.1065, 0.6624,-0.1457
04-May-2019 22:06:22.550, 0.1042, 0.6587,-0.1441
04-May-2019 22:06:22.569, 0.1007, 0.6536,-0.1416
04-May-2019 22:06:22.588, 0.0974, 0.6489,-0.1393
04-May-2019 22:06:22.608, 0.0947, 0.6444,-0.1374
04-May-2019 22:06:22.627, 0.0926, 0.6401,-0.1360
04-May-2019 22:06:22.647, 0.0914, 0.6355,-0.1344
04-May-2019 22:06:22.666, 0.0908, 0.6301,-0.1325
04-May-2019 22:06:22.687, 0.0891, 0.6240,-0.1299
04-May-2019 22:06:22.707, 0.0872, 0.6187,-0.1274
04-May-2019 22:06:22.725, 0.0870, 0.6158,-0.1261
04-May-2019 22:06:22.744, 0.0876, 0.6111,-0.1246
04-May-2019 22:06:22.764, 0.0888, 0.6039,-0.1235
04-May-2019 22:06:22.783, 0.0907, 0.5961,-0.1227
04-May-2019 22:06:22.802, 0.0922, 0.5896,-0.1223
04-May-2019 22:06:22.822, 0.0930, 0.5847,-0.1224
04-May-2019 22:06:22.841, 0.0941, 0.5797,-0.1225
04-May-2019 22:06:22.861, 0.0962, 0.5738,-0.1227
04-May-2019 22:06:22.881, 0.0992, 0.5673,-0.1232
04-May-2019 22:06:22.900, 0.1013, 0.5618,-0.1240
04-May-2019 22:06:22.919, 0.1015, 0.5584,-0.1244
04-May-2019 22:06:22.939, 0.1002, 0.5540,-0.1243
04-May-2019 22:06:22.958, 0.0995, 0.5495,-0.1237
04-May-2019 22:06:22.978, 0.1002, 0.5449,-0.1228
04-May-2019 22:06:22.997, 0.1004, 0.5403,-0.1216
04-May-2019 22:06:23.017, 0.0994, 0.5364,-0.1202
04-May-2019 22:06:23.037, 0.0981, 0.5318,-0.1186
04-May-2019 22:06:23.056, 0.0968, 0.5261,-0.1170
04-May-2019 22:06:23.075, 0.0957, 0.5205,-0.1157
04-May-2019 22:06:23.094, 0.0953, 0.5167,-0.1149
04-May-2019 22:06:23.114, 0.0952, 0.5117,-0.1142
04-May-2019 22:06:23.133, 0.0952, 0.5067,-0.1136
04-May-2019 22:06:23.153, 0.0948, 0.5019,-0.1131
04-May-2019 22:06:23.172, 0.0948, 0.4965,-0.1123
04-May-2019 22:06:23.192, 0.0959, 0.4902,-0.1113
04-May-2019 22:06:23.212, 0.0973, 0.4833,-0.1105
04-May-2019 22:06:23.231, 0.0981, 0.4770,-0.1099
04-May-2019 22:06:23.251, 0.0981, 0.4715,-0.1095
04-May-2019 22:06:23.270, 0.0983, 0.4664,-0.1094
04-May-2019 22:06:23.289, 0.0985, 0.4621,-0.1092
04-May-2019 22:06:23.309, 0.0986, 0.4563,-0.1088
04-May-2019 22:06:23.328, 0.0986, 0.4509,-0.1086
04-May-2019 22:06:23.348, 0.0981, 0.4460,-0.1084
04-May-2019 22:06:23.367, 0.0975, 0.4415,-0.1079
04-May-2019 22:06:23.387, 0.0975, 0.4368,-0.1074
04-May-2019 22:06:23.406, 0.0977, 0.4313,-0.1071
04-May-2019 22:06:23.426, 0.0981, 0.4253,-0.1066
04-May-2019 22:06:23.445, 0.0978, 0.4197,-0.1061
04-May-2019 22:06:23.464, 0.0969, 0.4160,-0.1060
04-May-2019 22:06:23.484, 0.0956, 0.4107,-0.1060
04-May-2019 22:06:23.503, 0.0951, 0.4049,-0.1062
04-May-2019 22:06:23.523, 0.0948, 0.3994,-0.1061
04-May-2019 22:06:23.542, 0.0948, 0.3940,-0.1058
04-May-2019 22:06:23.562, 0.0942, 0.3883,-0.1056
04-May-2019 22:06:23.581, 0.0930, 0.3823,-0.1057
04-May-2019 22:06:23.600, 0.0921, 0.3764,-0.1058
04-May-2019 22:06:23.619, 0.0919, 0.3721,-0.1057
04-May-2019 22:06:23.640, 0.0917, 0.3640,-0.1052
04-May-2019 22:06:23.659, 0.0908, 0.3591,-0.1052
04-May-2019 22:06:23.678, 0.0888, 0.3538,-0.1054
04-May-2019 22:06:23.698, 0.0869, 0.3496,-0.1054
04-May-2019 22:06:23.717, 0.0865, 0.3444,-0.1049
04-May-2019 22:06:23.737, 0.0876, 0.3382,-0.1041
04-May-2019 22:06:23.756, 0.0885, 0.3319,-0.1032
04-May-2019 22:06:23.776, 0.0889, 0.3258,-0.1023
04-May-2019 22:06:23.796, 0.0890, 0.3204,-0.1016
04-May-2019 22:06:23.815, 0.0888, 0.3158,-0.1009
04-May-2019 22:06:23.834, 0.0890, 0.3123,-0.1004
04-May-2019 22:06:23.853, 0.0901, 0.3068,-0.1001
04-May-2019 22:06:23.873, 0.0921, 0.3011,-0.1000
04-May-2019 22:06:23.893, 0.0938, 0.2959,-0.1005
04-May-2019 22:06:23.912, 0.0948, 0.2916,-0.1013
04-May-2019 22:06:23.932, 0.0948, 0.2889,-0.1023
04-May-2019 22:06:23.951, 0.0945, 0.2876,-0.1030
04-May-2019 22:06:23.972, 0.0942, 0.2858,-0.1031
04-May-2019 22:06:23.990, 0.0946, 0.2831,-0.1027
04-May-2019 22:06:24.009, 0.0952, 0.2782,-0.1018
04-May-2019 22:06:24.029, 0.0952, 0.2730,-0.1006
04-May-2019 22:06:24.049, 0.0945, 0.2678,-0.0993
04-May-2019 22:06:24.068, 0.0935, 0.2627,-0.0984
04-May-2019 22:06:24.087, 0.0926, 0.2579,-0.0974
04-May-2019 22:06:24.106, 0.0920, 0.2536,-0.0963
04-May-2019 22:06:24.126, 0.0916, 0.2496,-0.0952
04-May-2019 22:06:24.145, 0.0915, 0.2447,-0.0946
04-May-2019 22:06:24.165, 0.0913, 0.2410,-0.0943
04-May-2019 22:06:24.184, 0.0905, 0.2373,-0.0939
04-May-2019 22:06:24.204, 0.0890, 0.2351,-0.0931
04-May-2019 22:06:24.223, 0.0874, 0.2329,-0.0923
04-May-2019 22:06:24.243, 0.0861, 0.2296,-0.0916
04-May-2019 22:06:24.262, 0.0851, 0.2255,-0.0911
04-May-2019 22:06:24.282, 0.0842, 0.2209,-0.0903
04-May-2019 22:06:24.301, 0.0831, 0.2158,-0.0894
04-May-2019 22:06:24.321, 0.0819, 0.2104,-0.0884
04-May-2019 22:06:24.343, 0.0802, 0.2057,-0.0875
04-May-2019 22:06:24.360, 0.0789, 0.2028,-0.0869
04-May-2019 22:06:24.379, 0.0776, 0.1990,-0.0861
04-May-2019 22:06:24.399, 0.0773, 0.1944,-0.0853
04-May-2019 22:06:24.418, 0.0777, 0.1891,-0.0844
04-May-2019 22:06:24.437, 0.0779, 0.1844,-0.0836
04-May-2019 22:06:24.457, 0.0774, 0.1806,-0.0830
04-May-2019 22:06:24.477, 0.0765, 0.1768,-0.0827
04-May-2019 22:06:24.498, 0.0759, 0.1726,-0.0823
04-May-2019 22:06:24.517, 0.0763, 0.1687,-0.0816
04-May-2019 22:06:24.535, 0.0770, 0.1665,-0.0811
04-May-2019 22:06:24.554, 0.0775, 0.1641,-0.0803
04-May-2019 22:06:24.573, 0.0781, 0.1614,-0.0795
04-May-2019 22:06:24.593, 0.0793, 0.1584,-0.0786
04-May-2019 22:06:24.613, 0.0809, 0.1560,-0.0779
04-May-2019 22:06:24.632, 0.0822, 0.1534,-0.0773
04-May-2019 22:06:24.651, 0.0828, 0.1503,-0.0767
04-May-2019 22:06:24.671, 0.0832, 0.1470,-0.0761
04-May-2019 22:06:24.691, 0.0836, 0.1428,-0.0754
04-May-2019 22:06:24.710, 0.0836, 0.1396,-0.0747
04-May-2019 22:06:24.729, 0.0827, 0.1360,-0.0738
04-May-2019 22:06:24.749, 0.0806, 0.1330,-0.0731
04-May-2019 22:06:24.768, 0.0784, 0.1300,-0.0722
04-May-2019 22:06:24.788, 0.0772, 0.1268,-0.0712
04-May-2019 22:06:24.807, 0.0768, 0.1232,-0.0702
04-May-2019 22:06:24.826, 0.0759, 0.1199,-0.0694
04-May-2019 22:06:24.847, 0.0745, 0.1169,-0.0690
04-May-2019 22:06:24.866, 0.0731, 0.1139,-0.0687
04-May-2019 22:06:24.886, 0.0720, 0.1113,-0.0685
04-May-2019 22:06:24.905, 0.0716, 0.1093,-0.0682
04-May-2019 22:06:24.924, 0.0717, 0.1063,-0.0679
04-May-2019 22:06:24.943, 0.0721, 0.1028,-0.0675
04-May-2019 22:06:24.963, 0.0722, 0.0987,-0.0670
04-May-2019 22:06:24.983, 0.0717, 0.0935,-0.0663
04-May-2019 22:06:25.001, 0.0713, 0.0882,-0.0655
04-May-2019 22:06:25.021, 0.0709, 0.0832,-0.0649
04-May-2019 22:06:25.040, 0.0711, 0.0783,-0.0644
04-May-2019 22:06:25.060, 0.0721, 0.0737,-0.0638
04-May-2019 22:06:25.079, 0.0731, 0.0707,-0.0633
04-May-2019 22:06:25.099, 0.0746, 0.0676,-0.0623
04-May-2019 22:06:25.118, 0.0756, 0.0650,-0.0613
04-May-2019 22:06:25.138, 0.0763, 0.0626,-0.0603
04-May-2019 22:06:25.157, 0.0773, 0.0603,-0.0594
04-May-2019 22:06:25.177, 0.0790, 0.0577,-0.0588
04-May-2019 22:06:25.196, 0.0805, 0.0551,-0.0582
04-May-2019 22:06:25.216, 0.0814, 0.0521,-0.0577
04-May-2019 22:06:25.237, 0.0818, 0.0487,-0.0573
04-May-2019 22:06:25.255, 0.0816, 0.0461,-0.0571
04-May-2019 22:06:25.274, 0.0810, 0.0445,-0.0571
04-May-2019 22:06:25.294, 0.0801, 0.0422,-0.0570
04-May-2019 22:06:25.313, 0.0792, 0.0398,-0.0567
04-May-2019 22:06:25.333, 0.0781, 0.0371,-0.0561
04-May-2019 22:06:25.352, 0.0771, 0.0342,-0.0554
04-May-2019 22:06:25.372, 0.0753, 0.0309,-0.0547
04-May-2019 22:06:25.391, 0.0723, 0.0276,-0.0545
04-May-2019 22:06:25.412, 0.0679, 0.0248,-0.0547
04-May-2019 22:06:25.431, 0.0645, 0.0219,-0.0549
04-May-2019 22:06:25.449, 0.0629, 0.0191,-0.0549
04-May-2019 22:06:25.469, 0.0621, 0.0153,-0.0548
04-May-2019 22:06:25.488, 0.0612, 0.0117,-0.0547
04-May-2019 22:06:25.508, 0.0598, 0.0088,-0.0547
04-May-2019 22:06:25.527, 0.0591, 0.0068,-0.0546
04-May-2019 22:06:25.547, 0.0595, 0.0044,-0.0541
04-May-2019 22:06:25.566, 0.0607, 0.0017,-0.0535
04-May-2019 22:06:25.586, 0.0618,-0.0007,-0.0529
04-May-2019 22:06:25.606, 0.0625,-0.0025,-0.0524
04-May-2019 22:06:25.625, 0.0631,-0.0044,-0.0519
04-May-2019 22:06:25.644, 0.0635,-0.0061,-0.0514
04-May-2019 22:06:25.664, 0.0639,-0.0080,-0.0509
04-May-2019 22:06:25.683, 0.0647,-0.0100,-0.0504
04-May-2019 22:06:25.702, 0.0656,-0.0128,-0.0501
04-May-2019 22:06:25.722, 0.0663,-0.0159,-0.0499
04-May-2019 22:06:25.741, 0.0672,-0.0193,-0.0501
04-May-2019 22:06:25.761, 0.0681,-0.0226,-0.0502
04-May-2019 22:06:25.781, 0.0693,-0.0251,-0.0500
04-May-2019 22:06:25.800, 0.0703,-0.0272,-0.0497
04-May-2019 22:06:25.819, 0.0711,-0.0286,-0.0495
04-May-2019 22:06:25.839, 0.0720,-0.0299,-0.0492
04-May-2019 22:06:25.858, 0.0730,-0.0307,-0.0488
04-May-2019 22:06:25.877, 0.0729,-0.0315,-0.0485
04-May-2019 22:06:25.897, 0.0721,-0.0324,-0.0481
04-May-2019 22:06:25.917, 0.0717,-0.0331,-0.0478
04-May-2019 22:06:25.936, 0.0717,-0.0333,-0.0476
04-May-2019 22:06:25.958, 0.0719,-0.0334,-0.0473
04-May-2019 22:06:25.976, 0.0721,-0.0329,-0.0469
04-May-2019 22:06:25.994, 0.0719,-0.0326,-0.0468
04-May-2019 22:06:26.014, 0.0710,-0.0324,-0.0469
04-May-2019 22:06:26.033, 0.0701,-0.0306,-0.0477
04-May-2019 22:06:26.053, 0.0704,-0.0264,-0.0491
04-May-2019 22:06:26.072, 0.0721,-0.0212,-0.0509
04-May-2019 22:06:26.092, 0.0755,-0.0158,-0.0525
04-May-2019 22:06:26.111, 0.0794,-0.0106,-0.0539
04-May-2019 22:06:26.132, 0.0824,-0.0052,-0.0552
04-May-2019 22:06:26.151, 0.0846,-0.0005,-0.0561
04-May-2019 22:06:26.170, 0.0855, 0.0028,-0.0567
04-May-2019 22:06:26.189, 0.0860, 0.0071,-0.0574
04-May-2019 22:06:26.208, 0.0860, 0.0110,-0.0576
04-May-2019 22:06:26.228, 0.0865, 0.0147,-0.0576
04-May-2019 22:06:26.247, 0.0865, 0.0190,-0.0578
04-May-2019 22:06:26.267, 0.0858, 0.0250,-0.0581
04-May-2019 22:06:26.286, 0.0852, 0.0322,-0.0592
04-May-2019 22:06:26.306, 0.0850, 0.0382,-0.0606
04-May-2019 22:06:26.326, 0.0852, 0.0424,-0.0620
04-May-2019 22:06:26.346, 0.0850, 0.0483,-0.0638
04-May-2019 22:06:26.364, 0.0843, 0.0539,-0.0649
04-May-2019 22:06:26.384, 0.0817, 0.0619,-0.0666
04-May-2019 22:06:26.403, 0.0784, 0.0706,-0.0684
04-May-2019 22:06:26.422, 0.0755, 0.0792,-0.0699
04-May-2019 22:06:26.442, 0.0734, 0.0862,-0.0710
04-May-2019 22:06:26.462, 0.0716, 0.0917,-0.0716
04-May-2019 22:06:26.481, 0.0700, 0.0965,-0.0718
04-May-2019 22:06:26.500, 0.0688, 0.1005,-0.0716
04-May-2019 22:06:26.521, 0.0687, 0.1040,-0.0711
04-May-2019 22:06:26.539, 0.0688, 0.1066,-0.0707
04-May-2019 22:06:26.559, 0.0688, 0.1105,-0.0707
04-May-2019 22:06:26.578, 0.0695, 0.1142,-0.0707
04-May-2019 22:06:26.598, 0.0710, 0.1175,-0.0706
04-May-2019 22:06:26.617, 0.0723, 0.1206,-0.0701
04-May-2019 22:06:26.637, 0.0737, 0.1242,-0.0694
04-May-2019 22:06:26.656, 0.0745, 0.1279,-0.0687
04-May-2019 22:06:26.677, 0.0753, 0.1316,-0.0680
04-May-2019 22:06:26.698, 0.0770, 0.1351,-0.0675
04-May-2019 22:06:26.715, 0.0787, 0.1389,-0.0670
04-May-2019 22:06:26.734, 0.0800, 0.1420,-0.0668
04-May-2019 22:06:26.753, 0.0816, 0.1462,-0.0669
04-May-2019 22:06:26.773, 0.0828, 0.1511,-0.0672
04-May-2019 22:06:26.792, 0.0836, 0.1568,-0.0679
04-May-2019 22:06:26.812, 0.0837, 0.1630,-0.0690
04-May-2019 22:06:26.831, 0.0837, 0.1688,-0.0702
04-May-2019 22:06:26.851, 0.0838, 0.1744,-0.0712
04-May-2019 22:06:26.871, 0.0828, 0.1804,-0.0721
04-May-2019 22:06:26.890, 0.0816, 0.1847,-0.0724
04-May-2019 22:06:26.909, 0.0800, 0.1907,-0.0727
04-May-2019 22:06:26.929, 0.0780, 0.1971,-0.0731
04-May-2019 22:06:26.948, 0.0757, 0.2040,-0.0736
04-May-2019 22:06:26.968, 0.0735, 0.2107,-0.0740
04-May-2019 22:06:26.987, 0.0715, 0.2174,-0.0743
04-May-2019 22:06:27.006, 0.0701, 0.2234,-0.0742
04-May-2019 22:06:27.025, 0.0690, 0.2298,-0.0739
04-May-2019 22:06:27.046, 0.0675, 0.2379,-0.0736
04-May-2019 22:06:27.065, 0.0665, 0.2443,-0.0734
04-May-2019 22:06:27.084, 0.0662, 0.2515,-0.0732
04-May-2019 22:06:27.104, 0.0668, 0.2570,-0.0726
04-May-2019 22:06:27.123, 0.0672, 0.2621,-0.0722
04-May-2019 22:06:27.143, 0.0669, 0.2675,-0.0723
04-May-2019 22:06:27.163, 0.0652, 0.2736,-0.0727
04-May-2019 22:06:27.181, 0.0633, 0.2798,-0.0734
04-May-2019 22:06:27.201, 0.0619, 0.2858,-0.0740
04-May-2019 22:06:27.220, 0.0608, 0.2911,-0.0745
04-May-2019 22:06:27.240, 0.0597, 0.2961,-0.0750
04-May-2019 22:06:27.260, 0.0594, 0.3001,-0.0753
04-May-2019 22:06:27.279, 0.0591, 0.3057,-0.0758
04-May-2019 22:06:27.298, 0.0577, 0.3125,-0.0764
04-May-2019 22:06:27.318, 0.0560, 0.3198,-0.0772
04-May-2019 22:06:27.337, 0.0553, 0.3271,-0.0782
04-May-2019 22:06:27.356, 0.0554, 0.3333,-0.0789
04-May-2019 22:06:27.376, 0.0553, 0.3389,-0.0793
04-May-2019 22:06:27.398, 0.0553, 0.3450,-0.0797
04-May-2019 22:06:27.417, 0.0550, 0.3512,-0.0801
04-May-2019 22:06:27.435, 0.0548, 0.3577,-0.0807
04-May-2019 22:06:27.454, 0.0545, 0.3628,-0.0814
04-May-2019 22:06:27.473, 0.0544, 0.3699,-0.0824
04-May-2019 22:06:27.493, 0.0549, 0.3763,-0.0833
04-May-2019 22:06:27.512, 0.0556, 0.3821,-0.0837
04-May-2019 22:06:27.532, 0.0563, 0.3883,-0.0840
04-May-2019 22:06:27.551, 0.0569, 0.3951,-0.0843
04-May-2019 22:06:27.571, 0.0561, 0.4024,-0.0847
04-May-2019 22:06:27.591, 0.0542, 0.4097,-0.0854
04-May-2019 22:06:27.610, 0.0533, 0.4148,-0.0860
04-May-2019 22:06:27.629, 0.0534, 0.4203,-0.0866
04-May-2019 22:06:27.649, 0.0544, 0.4246,-0.0869
04-May-2019 22:06:27.668, 0.0542, 0.4290,-0.0871
04-May-2019 22:06:27.688, 0.0528, 0.4346,-0.0875
04-May-2019 22:06:27.707, 0.0512, 0.4400,-0.0880
04-May-2019 22:06:27.726, 0.0509, 0.4444,-0.0884
04-May-2019 22:06:27.746, 0.0520, 0.4480,-0.0888
04-May-2019 22:06:27.766, 0.0530, 0.4518,-0.0895
04-May-2019 22:06:27.786, 0.0531, 0.4567,-0.0904
04-May-2019 22:06:27.804, 0.0526, 0.4618,-0.0913
04-May-2019 22:06:27.824, 0.0523, 0.4692,-0.0927
04-May-2019 22:06:27.843, 0.0530, 0.4751,-0.0937
04-May-2019 22:06:27.863, 0.0538, 0.4798,-0.0944
04-May-2019 22:06:27.883, 0.0540, 0.4848,-0.0949
04-May-2019 22:06:27.901, 0.0544, 0.4912,-0.0951
04-May-2019 22:06:27.921, 0.0546, 0.4997,-0.0952
04-May-2019 22:06:27.941, 0.0548, 0.5082,-0.0954
04-May-2019 22:06:27.961, 0.0553, 0.5157,-0.0957
04-May-2019 22:06:27.980, 0.0559, 0.5207,-0.0961
04-May-2019 22:06:27.999, 0.0566, 0.5271,-0.0965
04-May-2019 22:06:28.019, 0.0574, 0.5332,-0.0970
04-May-2019 22:06:28.038, 0.0589, 0.5393,-0.0978
04-May-2019 22:06:28.057, 0.0608, 0.5458,-0.0987
04-May-2019 22:06:28.077, 0.0624, 0.5536,-0.0998
04-May-2019 22:06:28.097, 0.0643, 0.5621,-0.1017
04-May-2019 22:06:28.117, 0.0657, 0.5685,-0.1030
04-May-2019 22:06:28.137, 0.0669, 0.5727,-0.1035
04-May-2019 22:06:28.155, 0.0676, 0.5769,-0.1040
04-May-2019 22:06:28.174, 0.0676, 0.5807,-0.1044
04-May-2019 22:06:28.193, 0.0674, 0.5859,-0.1053
04-May-2019 22:06:28.213, 0.0659, 0.5920,-0.1064
04-May-2019 22:06:28.232, 0.0647, 0.5987,-0.1077
04-May-2019 22:06:28.252, 0.0647, 0.6053,-0.1088
04-May-2019 22:06:28.271, 0.0657, 0.6113,-0.1095
04-May-2019 22:06:28.291, 0.0671, 0.6170,-0.1101
04-May-2019 22:06:28.311, 0.0682, 0.6223,-0.1107
04-May-2019 22:06:28.331, 0.0688, 0.6279,-0.1115
04-May-2019 22:06:28.350, 0.0687, 0.6344,-0.1124
04-May-2019 22:06:28.369, 0.0683, 0.6400,-0.1131
04-May-2019 22:06:28.388, 0.0683, 0.6478,-0.1140
04-May-2019 22:06:28.408, 0.0691, 0.6540,-0.1145
04-May-2019 22:06:28.428, 0.0704, 0.6587,-0.1146
04-May-2019 22:06:28.447, 0.0716, 0.6636,-0.1146
04-May-2019 22:06:28.467, 0.0724, 0.6686,-0.1146
04-May-2019 22:06:28.486, 0.0727, 0.6729,-0.1149
04-May-2019 22:06:28.505, 0.0732, 0.6773,-0.1155
04-May-2019 22:06:28.524, 0.0735, 0.6806,-0.1159
04-May-2019 22:06:28.544, 0.0738, 0.6848,-0.1164
04-May-2019 22:06:28.563, 0.0738, 0.6889,-0.1167
04-May-2019 22:06:28.583, 0.0741, 0.6934,-0.1170
04-May-2019 22:06:28.602, 0.0746, 0.6987,-0.1175
04-May-2019 22:06:28.621, 0.0743, 0.7048,-0.1181
04-May-2019 22:06:28.641, 0.0732, 0.7114,-0.1186
04-May-2019 22:06:28.660, 0.0737, 0.7175,-0.1191
04-May-2019 22:06:28.680, 0.0749, 0.7233,-0.1194
04-May-2019 22:06:28.700, 0.0750, 0.7290,-0.1195
04-May-2019 22:06:28.719, 0.0745, 0.7331,-0.1197
04-May-2019 22:06:28.738, 0.0741, 0.7385,-0.1202
04-May-2019 22:06:28.758, 0.0749, 0.7438,-0.1206
04-May-2019 22:06:28.777, 0.0766, 0.7487,-0.1211
04-May-2019 22:06:28.798, 0.0779, 0.7532,-0.1218
04-May-2019 22:06:28.817, 0.0791, 0.7591,-0.1227
04-May-2019 22:06:28.837, 0.0811, 0.7670,-0.1238
04-May-2019 22:06:28.856, 0.0824, 0.7748,-0.1248
04-May-2019 22:06:28.876, 0.0813, 0.7815,-0.1251
04-May-2019 22:06:28.894, 0.0806, 0.7856,-0.1252
04-May-2019 22:06:28.914, 0.0812, 0.7898,-0.1252
04-May-2019 22:06:28.933, 0.0823, 0.7933,-0.1252
04-May-2019 22:06:28.952, 0.0827, 0.7975,-0.1254
04-May-2019 22:06:28.972, 0.0821, 0.8028,-0.1255
04-May-2019 22:06:28.991, 0.0801, 0.8091,-0.1255
04-May-2019 22:06:29.011, 0.0785, 0.8152,-0.1255
04-May-2019 22:06:29.032, 0.0784, 0.8199,-0.1256
04-May-2019 22:06:29.051, 0.0787, 0.8231,-0.1256
04-May-2019 22:06:29.069, 0.0789, 0.8251,-0.1254
04-May-2019 22:06:29.089, 0.0786, 0.8285,-0.1252
04-May-2019 22:06:29.108, 0.0775, 0.8329,-0.1249
04-May-2019 22:06:29.128, 0.0767, 0.8378,-0.1250
04-May-2019 22:06:29.147, 0.0766, 0.8424,-0.1252
04-May-2019 22:06:29.167, 0.0776, 0.8463,-0.1252
04-May-2019 22:06:29.186, 0.0790, 0.8507,-0.1254
04-May-2019 22:06:29.205, 0.0799, 0.8565,-0.1257
04-May-2019 22:06:29.225, 0.0801, 0.8638,-0.1261
04-May-2019 22:06:29.244, 0.0801, 0.8698,-0.1265
04-May-2019 22:06:29.264, 0.0798, 0.8769,-0.1268
04-May-2019 22:06:29.284, 0.0799, 0.8825,-0.1274
04-May-2019 22:06:29.303, 0.0812, 0.8871,-0.1283
04-May-2019 22:06:29.322, 0.0825, 0.8911,-0.1290
04-May-2019 22:06:29.345, 0.0830, 0.8949,-0.1296
04-May-2019 22:06:29.361, 0.0828, 0.8998,-0.1302
04-May-2019 22:06:29.381, 0.0822, 0.9051,-0.1309
04-May-2019 22:06:29.400, 0.0816, 0.9096,-0.1315
04-May-2019 22:06:29.420, 0.0810, 0.9132,-0.1320
04-May-2019 22:06:29.439, 0.0804, 0.9154,-0.1322
04-May-2019 22:06:29.458, 0.0790, 0.9181,-0.1317
04-May-2019 22:06:29.478, 0.0782, 0.9215,-0.1315
04-May-2019 22:06:29.497, 0.0795, 0.9259,-0.1322
04-May-2019 22:06:29.517, 0.0818, 0.9303,-0.1333
04-May-2019 22:06:29.536, 0.0840, 0.9338,-0.1344
04-May-2019 22:06:29.556, 0.0854, 0.9366,-0.1349
04-May-2019 22:06:29.575, 0.0857, 0.9397,-0.1349
04-May-2019 22:06:29.595, 0.0846, 0.9440,-0.1348
04-May-2019 22:06:29.614, 0.0833, 0.9480,-0.1347
04-May-2019 22:06:29.633, 0.0818, 0.9522,-0.1348
04-May-2019 22:06:29.653, 0.0814, 0.9559,-0.1350
04-May-2019 22:06:29.672, 0.0821, 0.9597,-0.1353
04-May-2019 22:06:29.692, 0.0835, 0.9634,-0.1357
04-May-2019 22:06:29.711, 0.0837, 0.9670,-0.1362
04-May-2019 22:06:29.731, 0.0821, 0.9720,-0.1363
04-May-2019 22:06:29.750, 0.0792, 0.9780,-0.1359
04-May-2019 22:06:29.771, 0.0758, 0.9841,-0.1349
04-May-2019 22:06:29.789, 0.0719, 0.9899,-0.1334
04-May-2019 22:06:29.809, 0.0684, 0.9937,-0.1319
04-May-2019 22:06:29.829, 0.0636, 0.9977,-0.1296
04-May-2019 22:06:29.848, 0.0604, 1.0008,-0.1279
04-May-2019 22:06:29.868, 0.0602, 1.0041,-0.1273
04-May-2019 22:06:29.887, 0.0611, 1.0078,-0.1272
04-May-2019 22:06:29.906, 0.0614, 1.0119,-0.1272
04-May-2019 22:06:29.926, 0.0606, 1.0163,-0.1272
04-May-2019 22:06:29.946, 0.0596, 1.0210,-0.1273
04-May-2019 22:06:29.966, 0.0598, 1.0253,-0.1280
04-May-2019 22:06:29.984, 0.0604, 1.0283,-0.1284
04-May-2019 22:06:30.003, 0.0619, 1.0316,-0.1292
04-May-2019 22:06:30.023, 0.0639, 1.0347,-0.1300
04-May-2019 22:06:30.042, 0.0651, 1.0379,-0.1309
04-May-2019 22:06:30.062, 0.0651, 1.0411,-0.1314
04-May-2019 22:06:30.081, 0.0641, 1.0442,-0.1315
04-May-2019 22:06:30.101, 0.0636, 1.0478,-0.1318
04-May-2019 22:06:30.120, 0.0637, 1.0523,-0.1322
04-May-2019 22:06:30.140, 0.0641, 1.0563,-0.1327
04-May-2019 22:06:30.159, 0.0647, 1.0629,-0.1340
04-May-2019 22:06:30.178, 0.0653, 1.0698,-0.1358
04-May-2019 22:06:30.198, 0.0659, 1.0765,-0.1380
04-May-2019 22:06:30.217, 0.0671, 1.0832,-0.1403
04-May-2019 22:06:30.237, 0.0693, 1.0900,-0.1427
04-May-2019 22:06:30.256, 0.0723, 1.0969,-0.1448
04-May-2019 22:06:30.276, 0.0744, 1.1038,-0.1468
04-May-2019 22:06:30.295, 0.0752, 1.1111,-0.1487
04-May-2019 22:06:30.316, 0.0760, 1.1180,-0.1511
04-May-2019 22:06:30.334, 0.0772, 1.1245,-0.1538
04-May-2019 22:06:30.354, 0.0783, 1.1289,-0.1559
04-May-2019 22:06:30.373, 0.0795, 1.1342,-0.1577
04-May-2019 22:06:30.393, 0.0808, 1.1394,-0.1587
04-May-2019 22:06:30.412, 0.0830, 1.1450,-0.1600
04-May-2019 22:06:30.432, 0.0867, 1.1512,-0.1623
04-May-2019 22:06:30.451, 0.0895, 1.1585,-0.1651
04-May-2019 22:06:30.470, 0.0896, 1.1668,-0.1672
04-May-2019 22:06:30.490, 0.0886, 1.1745,-0.1685
04-May-2019 22:06:30.509, 0.0879, 1.1787,-0.1690
04-May-2019 22:06:30.529, 0.0889, 1.1832,-0.1699
04-May-2019 22:06:30.549, 0.0910, 1.1851,-0.1706
04-May-2019 22:06:30.568, 0.0946, 1.1872,-0.1716
04-May-2019 22:06:30.588, 0.0979, 1.1900,-0.1729
04-May-2019 22:06:30.607, 0.0991, 1.1938,-0.1739
04-May-2019 22:06:30.627, 0.0986, 1.1979,-0.1746
04-May-2019 22:06:30.647, 0.0977, 1.2014,-0.1753
04-May-2019 22:06:30.666, 0.0968, 1.2044,-0.1759
04-May-2019 22:06:30.685, 0.0963, 1.2069,-0.1763
04-May-2019 22:06:30.704, 0.0971, 1.2090,-0.1773
04-May-2019 22:06:30.724, 0.0998, 1.2129,-0.1795
04-May-2019 22:06:30.743, 0.1018, 1.2177,-0.1816
04-May-2019 22:06:30.763, 0.1024, 1.2226,-0.1833
04-May-2019 22:06:30.782, 0.1023, 1.2268,-0.1845
04-May-2019 22:06:30.801, 0.1023, 1.2302,-0.1852
04-May-2019 22:06:30.821, 0.1025, 1.2334,-0.1854
04-May-2019 22:06:30.840, 0.1033, 1.2366,-0.1858
04-May-2019 22:06:30.860, 0.1041, 1.2396,-0.1862
04-May-2019 22:06:30.879, 0.1030, 1.2425,-0.1858
04-May-2019 22:06:30.899, 0.1022, 1.2443,-0.1858
04-May-2019 22:06:30.918, 0.1017, 1.2469,-0.1862
04-May-2019 22:06:30.938, 0.1031, 1.2502,-0.1880
04-May-2019 22:06:30.957, 0.1056, 1.2533,-0.1901
04-May-2019 22:06:30.976, 0.1077, 1.2561,-0.1917
04-May-2019 22:06:30.998, 0.1078, 1.2595,-0.1924
04-May-2019 22:06:31.017, 0.1055, 1.2646,-0.1928
04-May-2019 22:06:31.036, 0.1036, 1.2716,-0.1948
04-May-2019 22:06:31.054, 0.1038, 1.2786,-0.1986
04-May-2019 22:06:31.074, 0.1056, 1.2839,-0.2023
04-May-2019 22:06:31.093, 0.1097, 1.2915,-0.2085
04-May-2019 22:06:31.113, 0.1149, 1.3003,-0.2155
04-May-2019 22:06:31.132, 0.1183, 1.3079,-0.2209
04-May-2019 22:06:31.152, 0.1202, 1.3143,-0.2249
04-May-2019 22:06:31.171, 0.1227, 1.3199,-0.2284
04-May-2019 22:06:31.192, 0.1266, 1.3245,-0.2319
04-May-2019 22:06:31.210, 0.1326, 1.3281,-0.2357
04-May-2019 22:06:31.230, 0.1396, 1.3319,-0.2401
04-May-2019 22:06:31.249, 0.1443, 1.3350,-0.2435
04-May-2019 22:06:31.268, 0.1492, 1.3386,-0.2476
04-May-2019 22:06:31.288, 0.1528, 1.3419,-0.2514
04-May-2019 22:06:31.307, 0.1553, 1.3453,-0.2543
04-May-2019 22:06:31.327, 0.1575, 1.3483,-0.2559
04-May-2019 22:06:31.347, 0.1606, 1.3512,-0.2572
04-May-2019 22:06:31.366, 0.1639, 1.3543,-0.2585
04-May-2019 22:06:31.385, 0.1660, 1.3586,-0.2597
04-May-2019 22:06:31.406, 0.1655, 1.3640,-0.2603
04-May-2019 22:06:31.424, 0.1634, 1.3702,-0.2606
04-May-2019 22:06:31.443, 0.1624, 1.3751,-0.2616
04-May-2019 22:06:31.463, 0.1624, 1.3806,-0.2634
04-May-2019 22:06:31.483, 0.1631, 1.3846,-0.2645
04-May-2019 22:06:31.502, 0.1657, 1.3874,-0.2654
04-May-2019 22:06:31.521, 0.1709, 1.3907,-0.2679
04-May-2019 22:06:31.541, 0.1753, 1.3951,-0.2710
04-May-2019 22:06:31.561, 0.1772, 1.4007,-0.2734
04-May-2019 22:06:31.580, 0.1773, 1.4052,-0.2749
04-May-2019 22:06:31.600, 0.1766, 1.4118,-0.2764
04-May-2019 22:06:31.619, 0.1770, 1.4148,-0.2773
04-May-2019 22:06:31.638, 0.1783, 1.4177,-0.2785
04-May-2019 22:06:31.658, 0.1794, 1.4196,-0.2792
04-May-2019 22:06:31.677, 0.1815, 1.4213,-0.2810
04-May-2019 22:06:31.697, 0.1839, 1.4241,-0.2844
04-May-2019 22:06:31.717, 0.1872, 1.4285,-0.2903
04-May-2019 22:06:31.736, 0.1899, 1.4336,-0.2965
04-May-2019 22:06:31.756, 0.1937, 1.4379,-0.3028
04-May-2019 22:06:31.776, 0.2006, 1.4416,-0.3099
04-May-2019 22:06:31.794, 0.2074, 1.4439,-0.3155
04-May-2019 22:06:31.813, 0.2162, 1.4459,-0.3222
04-May-2019 22:06:31.833, 0.2233, 1.4481,-0.3279
04-May-2019 22:06:31.852, 0.2281, 1.4506,-0.3322
04-May-2019 22:06:31.872, 0.2317, 1.4534,-0.3362
04-May-2019 22:06:31.891, 0.2337, 1.4560,-0.3394
04-May-2019 22:06:31.910, 0.2364, 1.4580,-0.3425
04-May-2019 22:06:31.931, 0.2414, 1.4601,-0.3474
04-May-2019 22:06:31.950, 0.2510, 1.4636,-0.3577
04-May-2019 22:06:31.969, 0.2628, 1.4675,-0.3704
04-May-2019 22:06:31.989, 0.2725, 1.4705,-0.3807
04-May-2019 22:06:32.008, 0.2893, 1.4754,-0.3978
04-May-2019 22:06:32.028, 0.3053, 1.4801,-0.4138
04-May-2019 22:06:32.047, 0.3152, 1.4837,-0.4235
04-May-2019 22:06:32.066, 0.3191, 1.4858,-0.4277
04-May-2019 22:06:32.086, 0.3156, 1.4872,-0.4267
04-May-2019 22:06:32.105, 0.3082, 1.4886,-0.4240
04-May-2019 22:06:32.125, 0.3017, 1.4900,-0.4232
04-May-2019 22:06:32.144, 0.3013, 1.4916,-0.4269
04-May-2019 22:06:32.164, 0.3129, 1.4948,-0.4420
04-May-2019 22:06:32.183, 0.3327, 1.4980,-0.4627
04-May-2019 22:06:32.202, 0.3477, 1.5001,-0.4769
04-May-2019 22:06:32.222, 0.3552, 1.5013,-0.4831
04-May-2019 22:06:32.241, 0.3621, 1.5025,-0.4894
04-May-2019 22:06:32.261, 0.3706, 1.5038,-0.4976
04-May-2019 22:06:32.280, 0.3750, 1.5047,-0.5024
04-May-2019 22:06:32.301, 0.3759, 1.5054,-0.5035
04-May-2019 22:06:32.320, 0.3745, 1.5060,-0.5020
04-May-2019 22:06:32.339, 0.3701, 1.5062,-0.4976
04-May-2019 22:06:32.358, 0.3651, 1.5063,-0.4930
04-May-2019 22:06:32.378, 0.3648, 1.5064,-0.4934
04-May-2019 22:06:32.397, 0.3703, 1.5069,-0.4996
04-May-2019 22:06:32.417, 0.3702, 1.5077,-0.5010
04-May-2019 22:06:32.436, 0.3731, 1.5089,-0.5053
04-May-2019 22:06:32.456, 0.3826, 1.5100,-0.5143
04-May-2019 22:06:32.476, 0.3888, 1.5106,-0.5195
04-May-2019 22:06:32.496, 0.3863, 1.5107,-0.5169
04-May-2019 22:06:32.514, 0.3786, 1.5106,-0.5091
04-May-2019 22:06:32.533, 0.3620, 1.5100,-0.4925
04-May-2019 22:06:32.553, 0.3387, 1.5086,-0.4696
04-May-2019 22:06:32.573, 0.3116, 1.5062,-0.4430
04-May-2019 22:06:32.592, 0.2823, 1.5024,-0.4136
04-May-2019 22:06:32.611, 0.2493, 1.4961,-0.3800
04-May-2019 22:06:32.631, 0.2180, 1.4872,-0.3479
04-May-2019 22:06:32.650, 0.1911, 1.4755,-0.3209
04-May-2019 22:06:32.670, 0.1652, 1.4614,-0.2958
04-May-2019 22:06:32.689, 0.1446, 1.4489,-0.2778
04-May-2019 22:06:32.709, 0.1333, 1.4412,-0.2689
04-May-2019 22:06:32.728, 0.1238, 1.4326,-0.2621
04-May-2019 22:06:32.748, 0.1162, 1.4257,-0.2562
04-May-2019 22:06:32.767, 0.1099, 1.4195,-0.2506
04-May-2019 22:06:32.787, 0.1043, 1.4143,-0.2447
04-May-2019 22:06:32.806, 0.0995, 1.4088,-0.2387
04-May-2019 22:06:32.825, 0.0952, 1.4028,-0.2321
04-May-2019 22:06:32.845, 0.0909, 1.3967,-0.2261
04-May-2019 22:06:32.865, 0.0848, 1.3907,-0.2191
04-May-2019 22:06:32.884, 0.0792, 1.3857,-0.2132
04-May-2019 22:06:32.903, 0.0715, 1.3783,-0.2053
04-May-2019 22:06:32.923, 0.0665, 1.3705,-0.2001
04-May-2019 22:06:32.942, 0.0635, 1.3638,-0.1968
04-May-2019 22:06:32.962, 0.0646, 1.3585,-0.1966
04-May-2019 22:06:32.981, 0.0670, 1.3537,-0.1971
04-May-2019 22:06:33.001, 0.0686, 1.3490,-0.1967
04-May-2019 22:06:33.021, 0.0710, 1.3435,-0.1967
04-May-2019 22:06:33.040, 0.0743, 1.3377,-0.1971
04-May-2019 22:06:33.059, 0.0771, 1.3317,-0.1968
04-May-2019 22:06:33.078, 0.0788, 1.3275,-0.1961
04-May-2019 22:06:33.098, 0.0803, 1.3229,-0.1951
04-May-2019 22:06:33.117, 0.0803, 1.3193,-0.1940
04-May-2019 22:06:33.137, 0.0794, 1.3157,-0.1923
04-May-2019 22:06:33.156, 0.0785, 1.3113,-0.1901
04-May-2019 22:06:33.175, 0.0787, 1.3067,-0.1881
04-May-2019 22:06:33.195, 0.0792, 1.3032,-0.1863
04-May-2019 22:06:33.215, 0.0802, 1.3000,-0.1855
04-May-2019 22:06:33.234, 0.0805, 1.2974,-0.1847
04-May-2019 22:06:33.253, 0.0806, 1.2938,-0.1833
04-May-2019 22:06:33.273, 0.0822, 1.2891,-0.1826
04-May-2019 22:06:33.292, 0.0844, 1.2834,-0.1826
04-May-2019 22:06:33.312, 0.0863, 1.2777,-0.1825
04-May-2019 22:06:33.331, 0.0877, 1.2724,-0.1824
04-May-2019 22:06:33.351, 0.0887, 1.2672,-0.1826
04-May-2019 22:06:33.370, 0.0896, 1.2610,-0.1826
04-May-2019 22:06:33.389, 0.0899, 1.2546,-0.1826
04-May-2019 22:06:33.409, 0.0896, 1.2492,-0.1820
04-May-2019 22:06:33.428, 0.0888, 1.2459,-0.1809
04-May-2019 22:06:33.448, 0.0876, 1.2422,-0.1789
04-May-2019 22:06:33.468, 0.0872, 1.2381,-0.1770
04-May-2019 22:06:33.487, 0.0865, 1.2336,-0.1749
04-May-2019 22:06:33.506, 0.0859, 1.2296,-0.1732
04-May-2019 22:06:33.526, 0.0863, 1.2262,-0.1726
04-May-2019 22:06:33.545, 0.0870, 1.2228,-0.1724
04-May-2019 22:06:33.565, 0.0877, 1.2193,-0.1720
04-May-2019 22:06:33.585, 0.0883, 1.2161,-0.1711
04-May-2019 22:06:33.604, 0.0885, 1.2141,-0.1700
04-May-2019 22:06:33.623, 0.0881, 1.2117,-0.1684
04-May-2019 22:06:33.643, 0.0869, 1.2092,-0.1668
04-May-2019 22:06:33.662, 0.0858, 1.2063,-0.1658
04-May-2019 22:06:33.681, 0.0860, 1.2031,-0.1655
04-May-2019 22:06:33.701, 0.0878, 1.1992,-0.1655
04-May-2019 22:06:33.720, 0.0890, 1.1945,-0.1646
04-May-2019 22:06:33.740, 0.0899, 1.1902,-0.1643
04-May-2019 22:06:33.759, 0.0928, 1.1864,-0.1659
04-May-2019 22:06:33.779, 0.0968, 1.1827,-0.1684
04-May-2019 22:06:33.798, 0.0992, 1.1803,-0.1697
04-May-2019 22:06:33.818, 0.1010, 1.1776,-0.1702
04-May-2019 22:06:33.837, 0.1015, 1.1748,-0.1693
04-May-2019 22:06:33.857, 0.1003, 1.1715,-0.1673
04-May-2019 22:06:33.876, 0.0979, 1.1679,-0.1652
04-May-2019 22:06:33.896, 0.0952, 1.1646,-0.1637
04-May-2019 22:06:33.917, 0.0928, 1.1619,-0.1626
04-May-2019 22:06:33.936, 0.0911, 1.1595,-0.1615
04-May-2019 22:06:33.954, 0.0896, 1.1572,-0.1600
04-May-2019 22:06:33.974, 0.0879, 1.1555,-0.1585
04-May-2019 22:06:33.993, 0.0844, 1.1529,-0.1563
04-May-2019 22:06:34.013, 0.0807, 1.1493,-0.1543
04-May-2019 22:06:34.032, 0.0770, 1.1443,-0.1521
04-May-2019 22:06:34.051, 0.0740, 1.1391,-0.1502
04-May-2019 22:06:34.071, 0.0718, 1.1339,-0.1485
04-May-2019 22:06:34.091, 0.0697, 1.1292,-0.1471
04-May-2019 22:06:34.110, 0.0678, 1.1249,-0.1460
04-May-2019 22:06:34.130, 0.0669, 1.1213,-0.1455
04-May-2019 22:06:34.149, 0.0667, 1.1176,-0.1450
04-May-2019 22:06:34.168, 0.0663, 1.1140,-0.1443
04-May-2019 22:06:34.188, 0.0658, 1.1086,-0.1436
04-May-2019 22:06:34.207, 0.0648, 1.1033,-0.1432
04-May-2019 22:06:34.226, 0.0633, 1.0984,-0.1429
04-May-2019 22:06:34.246, 0.0616, 1.0933,-0.1421
04-May-2019 22:06:34.266, 0.0604, 1.0870,-0.1408
04-May-2019 22:06:34.285, 0.0588, 1.0799,-0.1388
04-May-2019 22:06:34.305, 0.0575, 1.0729,-0.1371
04-May-2019 22:06:34.324, 0.0569, 1.0680,-0.1360
04-May-2019 22:06:34.343, 0.0557, 1.0617,-0.1348
04-May-2019 22:06:34.363, 0.0543, 1.0553,-0.1345
04-May-2019 22:06:34.383, 0.0529, 1.0486,-0.1352
04-May-2019 22:06:34.402, 0.0514, 1.0430,-0.1360
04-May-2019 22:06:34.421, 0.0510, 1.0376,-0.1367
04-May-2019 22:06:34.441, 0.0524, 1.0319,-0.1374
04-May-2019 22:06:34.460, 0.0545, 1.0266,-0.1380
04-May-2019 22:06:34.480, 0.0559, 1.0224,-0.1382
04-May-2019 22:06:34.500, 0.0569, 1.0195,-0.1382
04-May-2019 22:06:34.519, 0.0582, 1.0153,-0.1379
04-May-2019 22:06:34.538, 0.0590, 1.0107,-0.1369
04-May-2019 22:06:34.557, 0.0599, 1.0065,-0.1356
04-May-2019 22:06:34.577, 0.0598, 1.0028,-0.1338
04-May-2019 22:06:34.597, 0.0591, 0.9987,-0.1313
04-May-2019 22:06:34.617, 0.0589, 0.9945,-0.1290
04-May-2019 22:06:34.637, 0.0594, 0.9905,-0.1272
04-May-2019 22:06:34.656, 0.0603, 0.9858,-0.1260
04-May-2019 22:06:34.676, 0.0613, 0.9805,-0.1249
04-May-2019 22:06:34.694, 0.0620, 0.9772,-0.1242
04-May-2019 22:06:34.714, 0.0625, 0.9734,-0.1231
04-May-2019 22:06:34.733, 0.0628, 0.9694,-0.1219
04-May-2019 22:06:34.752, 0.0625, 0.9645,-0.1204
04-May-2019 22:06:34.772, 0.0610, 0.9593,-0.1190
04-May-2019 22:06:34.791, 0.0593, 0.9536,-0.1177
04-May-2019 22:06:34.810, 0.0582, 0.9481,-0.1165
04-May-2019 22:06:34.830, 0.0575, 0.9435,-0.1153
04-May-2019 22:06:34.850, 0.0574, 0.9395,-0.1144
04-May-2019 22:06:34.869, 0.0576, 0.9363,-0.1137
04-May-2019 22:06:34.889, 0.0580, 0.9342,-0.1136
04-May-2019 22:06:34.908, 0.0589, 0.9305,-0.1140
04-May-2019 22:06:34.927, 0.0598, 0.9257,-0.1142
04-May-2019 22:06:34.947, 0.0610, 0.9208,-0.1143
04-May-2019 22:06:34.966, 0.0620, 0.9161,-0.1147
04-May-2019 22:06:34.986, 0.0625, 0.9117,-0.1147
04-May-2019 22:06:35.006, 0.0629, 0.9080,-0.1144
04-May-2019 22:06:35.025, 0.0630, 0.9045,-0.1136
04-May-2019 22:06:35.044, 0.0627, 0.9017,-0.1131
04-May-2019 22:06:35.064, 0.0619, 0.8979,-0.1123
04-May-2019 22:06:35.083, 0.0611, 0.8936,-0.1115
04-May-2019 22:06:35.102, 0.0610, 0.8889,-0.1108
04-May-2019 22:06:35.122, 0.0607, 0.8844,-0.1101
04-May-2019 22:06:35.141, 0.0605, 0.8802,-0.1095
04-May-2019 22:06:35.161, 0.0602, 0.8757,-0.1089
04-May-2019 22:06:35.181, 0.0600, 0.8714,-0.1086
04-May-2019 22:06:35.200, 0.0604, 0.8669,-0.1083
04-May-2019 22:06:35.220, 0.0614, 0.8621,-0.1079
04-May-2019 22:06:35.239, 0.0626, 0.8586,-0.1076
04-May-2019 22:06:35.258, 0.0642, 0.8544,-0.1070
04-May-2019 22:06:35.277, 0.0656, 0.8501,-0.1068
04-May-2019 22:06:35.297, 0.0667, 0.8458,-0.1068
04-May-2019 22:06:35.316, 0.0679, 0.8418,-0.1070
04-May-2019 22:06:35.336, 0.0690, 0.8379,-0.1073
04-May-2019 22:06:35.356, 0.0703, 0.8333,-0.1075
04-May-2019 22:06:35.376, 0.0715, 0.8282,-0.1074
04-May-2019 22:06:35.397, 0.0725, 0.8237,-0.1073
04-May-2019 22:06:35.414, 0.0724, 0.8210,-0.1069
04-May-2019 22:06:35.433, 0.0709, 0.8181,-0.1062
04-May-2019 22:06:35.453, 0.0688, 0.8152,-0.1056
04-May-2019 22:06:35.472, 0.0674, 0.8125,-0.1051
04-May-2019 22:06:35.492, 0.0663, 0.8101,-0.1047
04-May-2019 22:06:35.511, 0.0650, 0.8078,-0.1041
04-May-2019 22:06:35.531, 0.0636, 0.8051,-0.1032
04-May-2019 22:06:35.550, 0.0622, 0.8022,-0.1022
04-May-2019 22:06:35.571, 0.0610, 0.7994,-0.1014
04-May-2019 22:06:35.589, 0.0600, 0.7963,-0.1005
04-May-2019 22:06:35.609, 0.0601, 0.7922,-0.0996
04-May-2019 22:06:35.628, 0.0606, 0.7889,-0.0989
04-May-2019 22:06:35.648, 0.0608, 0.7847,-0.0981
04-May-2019 22:06:35.667, 0.0596, 0.7816,-0.0975
04-May-2019 22:06:35.686, 0.0580, 0.7785,-0.0971
04-May-2019 22:06:35.706, 0.0572, 0.7745,-0.0970
04-May-2019 22:06:35.725, 0.0576, 0.7698,-0.0973
04-May-2019 22:06:35.745, 0.0589, 0.7651,-0.0975
04-May-2019 22:06:35.764, 0.0605, 0.7608,-0.0978
04-May-2019 22:06:35.784, 0.0613, 0.7582,-0.0980
04-May-2019 22:06:35.803, 0.0617, 0.7553,-0.0982
04-May-2019 22:06:35.822, 0.0620, 0.7523,-0.0981
04-May-2019 22:06:35.842, 0.0622, 0.7488,-0.0978
04-May-2019 22:06:35.862, 0.0620, 0.7452,-0.0975
04-May-2019 22:06:35.881, 0.0616, 0.7416,-0.0971
04-May-2019 22:06:35.900, 0.0612, 0.7375,-0.0964
04-May-2019 22:06:35.920, 0.0610, 0.7325,-0.0954
04-May-2019 22:06:35.940, 0.0603, 0.7268,-0.0941
04-May-2019 22:06:35.959, 0.0595, 0.7226,-0.0929
04-May-2019 22:06:35.978, 0.0583, 0.7176,-0.0913
04-May-2019 22:06:35.998, 0.0563, 0.7132,-0.0897
04-May-2019 22:06:36.017, 0.0542, 0.7089,-0.0884
04-May-2019 22:06:36.036, 0.0526, 0.7036,-0.0873
04-May-2019 22:06:36.056, 0.0516, 0.6976,-0.0860
04-May-2019 22:06:36.076, 0.0505, 0.6920,-0.0846
04-May-2019 22:06:36.097, 0.0491, 0.6876,-0.0833
04-May-2019 22:06:36.116, 0.0479, 0.6838,-0.0824
04-May-2019 22:06:36.134, 0.0476, 0.6808,-0.0820
04-May-2019 22:06:36.153, 0.0479, 0.6771,-0.0817
04-May-2019 22:06:36.173, 0.0489, 0.6736,-0.0816
04-May-2019 22:06:36.192, 0.0503, 0.6701,-0.0817
04-May-2019 22:06:36.212, 0.0515, 0.6659,-0.0815
04-May-2019 22:06:36.231, 0.0527, 0.6611,-0.0809
04-May-2019 22:06:36.251, 0.0542, 0.6560,-0.0803
04-May-2019 22:06:36.270, 0.0558, 0.6510,-0.0797
04-May-2019 22:06:36.291, 0.0573, 0.6461,-0.0792
04-May-2019 22:06:36.309, 0.0588, 0.6415,-0.0786
04-May-2019 22:06:36.329, 0.0599, 0.6381,-0.0782
04-May-2019 22:06:36.348, 0.0606, 0.6338,-0.0777
04-May-2019 22:06:36.367, 0.0600, 0.6292,-0.0770
04-May-2019 22:06:36.387, 0.0586, 0.6247,-0.0763
04-May-2019 22:06:36.406, 0.0579, 0.6206,-0.0756
04-May-2019 22:06:36.426, 0.0577, 0.6158,-0.0746
04-May-2019 22:06:36.445, 0.0577, 0.6099,-0.0736
04-May-2019 22:06:36.466, 0.0570, 0.6038,-0.0727
04-May-2019 22:06:36.485, 0.0560, 0.5988,-0.0718
04-May-2019 22:06:36.504, 0.0551, 0.5955,-0.0711
04-May-2019 22:06:36.523, 0.0543, 0.5911,-0.0704
04-May-2019 22:06:36.542, 0.0539, 0.5866,-0.0698
04-May-2019 22:06:36.562, 0.0537, 0.5822,-0.0692
04-May-2019 22:06:36.581, 0.0537, 0.5777,-0.0685
04-May-2019 22:06:36.601, 0.0546, 0.5731,-0.0680
04-May-2019 22:06:36.621, 0.0561, 0.5678,-0.0676
04-May-2019 22:06:36.640, 0.0573, 0.5626,-0.0674
04-May-2019 22:06:36.660, 0.0574, 0.5578,-0.0672
04-May-2019 22:06:36.679, 0.0571, 0.5531,-0.0668
04-May-2019 22:06:36.698, 0.0572, 0.5494,-0.0665
04-May-2019 22:06:36.718, 0.0571, 0.5447,-0.0660
04-May-2019 22:06:36.737, 0.0563, 0.5404,-0.0654
04-May-2019 22:06:36.757, 0.0552, 0.5366,-0.0646
04-May-2019 22:06:36.776, 0.0538, 0.5328,-0.0639
04-May-2019 22:06:36.796, 0.0519, 0.5285,-0.0632
04-May-2019 22:06:36.817, 0.0495, 0.5242,-0.0627
04-May-2019 22:06:36.836, 0.0476, 0.5199,-0.0620
04-May-2019 22:06:36.854, 0.0467, 0.5151,-0.0614
04-May-2019 22:06:36.873, 0.0462, 0.5108,-0.0609
04-May-2019 22:06:36.893, 0.0453, 0.5047,-0.0599
04-May-2019 22:06:36.913, 0.0445, 0.4984,-0.0591
04-May-2019 22:06:36.932, 0.0437, 0.4926,-0.0583
04-May-2019 22:06:36.951, 0.0424, 0.4877,-0.0575
04-May-2019 22:06:36.971, 0.0404, 0.4831,-0.0569
04-May-2019 22:06:36.990, 0.0389, 0.4787,-0.0563
04-May-2019 22:06:37.010, 0.0386, 0.4747,-0.0558
04-May-2019 22:06:37.030, 0.0395, 0.4704,-0.0558
04-May-2019 22:06:37.048, 0.0408, 0.4672,-0.0560
04-May-2019 22:06:37.068, 0.0434, 0.4623,-0.0561
04-May-2019 22:06:37.087, 0.0461, 0.4573,-0.0562
04-May-2019 22:06:37.107, 0.0475, 0.4538,-0.0564
04-May-2019 22:06:37.126, 0.0474, 0.4518,-0.0567
04-May-2019 22:06:37.146, 0.0474, 0.4494,-0.0570
04-May-2019 22:06:37.165, 0.0478, 0.4458,-0.0569
04-May-2019 22:06:37.185, 0.0484, 0.4419,-0.0565
04-May-2019 22:06:37.204, 0.0499, 0.4377,-0.0562
04-May-2019 22:06:37.224, 0.0516, 0.4340,-0.0563
04-May-2019 22:06:37.243, 0.0524, 0.4319,-0.0565
04-May-2019 22:06:37.263, 0.0529, 0.4299,-0.0567
04-May-2019 22:06:37.282, 0.0534, 0.4278,-0.0565
04-May-2019 22:06:37.302, 0.0538, 0.4252,-0.0559
04-May-2019 22:06:37.321, 0.0540, 0.4220,-0.0550
04-May-2019 22:06:37.342, 0.0540, 0.4180,-0.0541
04-May-2019 22:06:37.360, 0.0540, 0.4141,-0.0535
04-May-2019 22:06:37.380, 0.0540, 0.4103,-0.0530
04-May-2019 22:06:37.399, 0.0526, 0.4061,-0.0526
04-May-2019 22:06:37.418, 0.0499, 0.4029,-0.0524
04-May-2019 22:06:37.438, 0.0452, 0.3991,-0.0520
04-May-2019 22:06:37.457, 0.0411, 0.3947,-0.0516
04-May-2019 22:06:37.477, 0.0398, 0.3892,-0.0510
04-May-2019 22:06:37.497, 0.0411, 0.3825,-0.0502
04-May-2019 22:06:37.516, 0.0436, 0.3756,-0.0492
04-May-2019 22:06:37.536, 0.0455, 0.3687,-0.0485
04-May-2019 22:06:37.555, 0.0468, 0.3620,-0.0480
04-May-2019 22:06:37.575, 0.0486, 0.3560,-0.0479
04-May-2019 22:06:37.594, 0.0506, 0.3520,-0.0479
04-May-2019 22:06:37.613, 0.0537, 0.3467,-0.0481
04-May-2019 22:06:37.633, 0.0569, 0.3413,-0.0485
04-May-2019 22:06:37.652, 0.0599, 0.3357,-0.0491
04-May-2019 22:06:37.671, 0.0627, 0.3310,-0.0496
04-May-2019 22:06:37.691, 0.0645, 0.3274,-0.0496
04-May-2019 22:06:37.711, 0.0642, 0.3246,-0.0491
04-May-2019 22:06:37.730, 0.0629, 0.3217,-0.0485
04-May-2019 22:06:37.750, 0.0625, 0.3184,-0.0482
04-May-2019 22:06:37.769, 0.0633, 0.3153,-0.0482
04-May-2019 22:06:37.788, 0.0641, 0.3129,-0.0481
04-May-2019 22:06:37.808, 0.0652, 0.3096,-0.0481
04-May-2019 22:06:37.827, 0.0655, 0.3063,-0.0481
04-May-2019 22:06:37.847, 0.0651, 0.3032,-0.0480
04-May-2019 22:06:37.866, 0.0647, 0.3004,-0.0479
04-May-2019 22:06:37.885, 0.0646, 0.2972,-0.0476
04-May-2019 22:06:37.906, 0.0649, 0.2940,-0.0471
04-May-2019 22:06:37.925, 0.0658, 0.2910,-0.0465
04-May-2019 22:06:37.944, 0.0665, 0.2882,-0.0459
04-May-2019 22:06:37.963, 0.0667, 0.2863,-0.0454
04-May-2019 22:06:37.983, 0.0659, 0.2838,-0.0446
04-May-2019 22:06:38.002, 0.0643, 0.2814,-0.0441
04-May-2019 22:06:38.022, 0.0630, 0.2786,-0.0437
04-May-2019 22:06:38.041, 0.0623, 0.2757,-0.0432
04-May-2019 22:06:38.060, 0.0620, 0.2727,-0.0427
04-May-2019 22:06:38.081, 0.0610, 0.2701,-0.0422
04-May-2019 22:06:38.101, 0.0592, 0.2677,-0.0416
04-May-2019 22:06:38.120, 0.0574, 0.2650,-0.0411
04-May-2019 22:06:38.139, 0.0565, 0.2632,-0.0407
04-May-2019 22:06:38.158, 0.0559, 0.2607,-0.0400
04-May-2019 22:06:38.177, 0.0552, 0.2577,-0.0394
04-May-2019 22:06:38.197, 0.0540, 0.2549,-0.0390
04-May-2019 22:06:38.216, 0.0532, 0.2526,-0.0386
04-May-2019 22:06:38.237, 0.0531, 0.2501,-0.0383
04-May-2019 22:06:38.256, 0.0535, 0.2470,-0.0380
04-May-2019 22:06:38.275, 0.0541, 0.2440,-0.0375
04-May-2019 22:06:38.296, 0.0550, 0.2416,-0.0369
04-May-2019 22:06:38.314, 0.0560, 0.2393,-0.0366
04-May-2019 22:06:38.333, 0.0568, 0.2375,-0.0365
04-May-2019 22:06:38.353, 0.0572, 0.2349,-0.0364
04-May-2019 22:06:38.372, 0.0574, 0.2322,-0.0363
04-May-2019 22:06:38.392, 0.0577, 0.2295,-0.0363
04-May-2019 22:06:38.411, 0.0582, 0.2271,-0.0362
04-May-2019 22:06:38.430, 0.0584, 0.2245,-0.0360
04-May-2019 22:06:38.450, 0.0581, 0.2220,-0.0356
04-May-2019 22:06:38.470, 0.0574, 0.2197,-0.0353
04-May-2019 22:06:38.489, 0.0568, 0.2181,-0.0350
04-May-2019 22:06:38.508, 0.0565, 0.2157,-0.0348
04-May-2019 22:06:38.528, 0.0565, 0.2130,-0.0346
04-May-2019 22:06:38.547, 0.0561, 0.2104,-0.0344
04-May-2019 22:06:38.567, 0.0555, 0.2076,-0.0341
04-May-2019 22:06:38.586, 0.0553, 0.2052,-0.0339
04-May-2019 22:06:38.605, 0.0553, 0.2028,-0.0338
04-May-2019 22:06:38.625, 0.0551, 0.2001,-0.0336
04-May-2019 22:06:38.644, 0.0548, 0.1977,-0.0333
04-May-2019 22:06:38.664, 0.0543, 0.1959,-0.0329
04-May-2019 22:06:38.684, 0.0537, 0.1943,-0.0326
04-May-2019 22:06:38.703, 0.0532, 0.1927,-0.0324
04-May-2019 22:06:38.722, 0.0527, 0.1900,-0.0322
04-May-2019 22:06:38.742, 0.0524, 0.1873,-0.0320
04-May-2019 22:06:38.761, 0.0522, 0.1847,-0.0317
04-May-2019 22:06:38.781, 0.0523, 0.1823,-0.0311
04-May-2019 22:06:38.800, 0.0528, 0.1797,-0.0306
04-May-2019 22:06:38.820, 0.0532, 0.1771,-0.0301
04-May-2019 22:06:38.840, 0.0525, 0.1746,-0.0297
04-May-2019 22:06:38.859, 0.0515, 0.1726,-0.0295
04-May-2019 22:06:38.878, 0.0507, 0.1699,-0.0290
04-May-2019 22:06:38.898, 0.0506, 0.1670,-0.0285
04-May-2019 22:06:38.917, 0.0507, 0.1641,-0.0280
04-May-2019 22:06:38.936, 0.0507, 0.1616,-0.0274
04-May-2019 22:06:38.956, 0.0509, 0.1591,-0.0270
04-May-2019 22:06:38.976, 0.0511, 0.1568,-0.0268
04-May-2019 22:06:38.996, 0.0515, 0.1544,-0.0266
04-May-2019 22:06:39.016, 0.0524, 0.1521,-0.0262
04-May-2019 22:06:39.034, 0.0534, 0.1504,-0.0260
04-May-2019 22:06:39.053, 0.0551, 0.1483,-0.0256
04-May-2019 22:06:39.073, 0.0572, 0.1457,-0.0254
04-May-2019 22:06:39.092, 0.0583, 0.1425,-0.0256
04-May-2019 22:06:39.112, 0.0579, 0.1390,-0.0256
04-May-2019 22:06:39.132, 0.0570, 0.1353,-0.0254
04-May-2019 22:06:39.151, 0.0564, 0.1319,-0.0249
04-May-2019 22:06:39.170, 0.0566, 0.1288,-0.0242
04-May-2019 22:06:39.190, 0.0571, 0.1254,-0.0237
04-May-2019 22:06:39.210, 0.0573, 0.1221,-0.0234
04-May-2019 22:06:39.229, 0.0570, 0.1191,-0.0233
04-May-2019 22:06:39.248, 0.0566, 0.1169,-0.0231
04-May-2019 22:06:39.268, 0.0561, 0.1135,-0.0228
04-May-2019 22:06:39.287, 0.0558, 0.1097,-0.0225
04-May-2019 22:06:39.306, 0.0555, 0.1059,-0.0224
04-May-2019 22:06:39.326, 0.0541, 0.1023,-0.0222
04-May-2019 22:06:39.345, 0.0514, 0.0991,-0.0219
04-May-2019 22:06:39.365, 0.0487, 0.0959,-0.0215
04-May-2019 22:06:39.385, 0.0468, 0.0925,-0.0213
04-May-2019 22:06:39.404, 0.0466, 0.0900,-0.0211
04-May-2019 22:06:39.423, 0.0471, 0.0865,-0.0209
04-May-2019 22:06:39.442, 0.0473, 0.0834,-0.0208
04-May-2019 22:06:39.462, 0.0464, 0.0814,-0.0208
04-May-2019 22:06:39.481, 0.0458, 0.0799,-0.0209
04-May-2019 22:06:39.501, 0.0463, 0.0785,-0.0208
04-May-2019 22:06:39.520, 0.0475, 0.0773,-0.0208
04-May-2019 22:06:39.540, 0.0491, 0.0760,-0.0207
04-May-2019 22:06:39.560, 0.0509, 0.0745,-0.0209
04-May-2019 22:06:39.579, 0.0522, 0.0734,-0.0212
04-May-2019 22:06:39.598, 0.0528, 0.0728,-0.0213
04-May-2019 22:06:39.618, 0.0539, 0.0721,-0.0215
04-May-2019 22:06:39.637, 0.0554, 0.0715,-0.0216
04-May-2019 22:06:39.657, 0.0571, 0.0709,-0.0216
04-May-2019 22:06:39.676, 0.0586, 0.0704,-0.0213
04-May-2019 22:06:39.697, 0.0594, 0.0696,-0.0207
04-May-2019 22:06:39.716, 0.0601, 0.0679,-0.0200
04-May-2019 22:06:39.735, 0.0613, 0.0655,-0.0195
04-May-2019 22:06:39.756, 0.0630, 0.0630,-0.0189
04-May-2019 22:06:39.773, 0.0644, 0.0614,-0.0184
04-May-2019 22:06:39.793, 0.0657, 0.0592,-0.0175
04-May-2019 22:06:39.812, 0.0664, 0.0567,-0.0162
04-May-2019 22:06:39.832, 0.0665, 0.0537,-0.0151
04-May-2019 22:06:39.851, 0.0657, 0.0506,-0.0143
04-May-2019 22:06:39.871, 0.0646, 0.0477,-0.0137
04-May-2019 22:06:39.890, 0.0640, 0.0448,-0.0128
04-May-2019 22:06:39.910, 0.0640, 0.0422,-0.0119
04-May-2019 22:06:39.930, 0.0643, 0.0396,-0.0114
04-May-2019 22:06:39.949, 0.0647, 0.0378,-0.0112
04-May-2019 22:06:39.968, 0.0647, 0.0357,-0.0109
04-May-2019 22:06:39.988, 0.0645, 0.0341,-0.0105
04-May-2019 22:06:40.007, 0.0642, 0.0332,-0.0102
04-May-2019 22:06:40.026, 0.0634, 0.0330,-0.0099
04-May-2019 22:06:40.046, 0.0621, 0.0339,-0.0098
04-May-2019 22:06:40.066, 0.0602, 0.0360,-0.0099
04-May-2019 22:06:40.085, 0.0578, 0.0399,-0.0103
04-May-2019 22:06:40.105, 0.0559, 0.0445,-0.0107
04-May-2019 22:06:40.124, 0.0552, 0.0479,-0.0111
04-May-2019 22:06:40.143, 0.0551, 0.0525,-0.0115
04-May-2019 22:06:40.163, 0.0561, 0.0572,-0.0118
04-May-2019 22:06:40.182, 0.0573, 0.0625,-0.0122
04-May-2019 22:06:40.202, 0.0572, 0.0684,-0.0126
04-May-2019 22:06:40.221, 0.0560, 0.0750,-0.0130
04-May-2019 22:06:40.240, 0.0551, 0.0818,-0.0133
04-May-2019 22:06:40.260, 0.0554, 0.0885,-0.0136
04-May-2019 22:06:40.280, 0.0565, 0.0950,-0.0139
04-May-2019 22:06:40.300, 0.0575, 0.1023,-0.0147
04-May-2019 22:06:40.318, 0.0571, 0.1093,-0.0156
04-May-2019 22:06:40.338, 0.0545, 0.1208,-0.0171
04-May-2019 22:06:40.357, 0.0506, 0.1331,-0.0187
04-May-2019 22:06:40.377, 0.0480, 0.1450,-0.0204
04-May-2019 22:06:40.397, 0.0486, 0.1560,-0.0219
04-May-2019 22:06:40.416, 0.0515, 0.1666,-0.0237
04-May-2019 22:06:40.436, 0.0536, 0.1781,-0.0253
04-May-2019 22:06:40.456, 0.0537, 0.1904,-0.0269
04-May-2019 22:06:40.475, 0.0528, 0.2019,-0.0282
04-May-2019 22:06:40.494, 0.0526, 0.2094,-0.0292
04-May-2019 22:06:40.513, 0.0530, 0.2180,-0.0300
04-May-2019 22:06:40.533, 0.0531, 0.2254,-0.0300
04-May-2019 22:06:40.552, 0.0530, 0.2323,-0.0300
04-May-2019 22:06:40.572, 0.0534, 0.2391,-0.0303
04-May-2019 22:06:40.591, 0.0544, 0.2457,-0.0309
04-May-2019 22:06:40.610, 0.0559, 0.2521,-0.0314
04-May-2019 22:06:40.630, 0.0576, 0.2583,-0.0318
04-May-2019 22:06:40.651, 0.0586, 0.2640,-0.0319
04-May-2019 22:06:40.669, 0.0586, 0.2697,-0.0320
04-May-2019 22:06:40.688, 0.0576, 0.2745,-0.0322
04-May-2019 22:06:40.707, 0.0550, 0.2821,-0.0328
04-May-2019 22:06:40.727, 0.0525, 0.2903,-0.0335
04-May-2019 22:06:40.747, 0.0513, 0.2984,-0.0343
04-May-2019 22:06:40.766, 0.0514, 0.3057,-0.0352
04-May-2019 22:06:40.785, 0.0531, 0.3117,-0.0361
04-May-2019 22:06:40.805, 0.0566, 0.3165,-0.0372
04-May-2019 22:06:40.825, 0.0593, 0.3218,-0.0383
04-May-2019 22:06:40.845, 0.0593, 0.3285,-0.0390
04-May-2019 22:06:40.863, 0.0581, 0.3342,-0.0392
04-May-2019 22:06:40.883, 0.0560, 0.3424,-0.0393
04-May-2019 22:06:40.902, 0.0543, 0.3508,-0.0394
04-May-2019 22:06:40.922, 0.0529, 0.3585,-0.0395
04-May-2019 22:06:40.941, 0.0522, 0.3657,-0.0394
04-May-2019 22:06:40.961, 0.0523, 0.3730,-0.0395
04-May-2019 22:06:40.980, 0.0529, 0.3803,-0.0398
04-May-2019 22:06:41.000, 0.0545, 0.3876,-0.0403
04-May-2019 22:06:41.020, 0.0559, 0.3953,-0.0414
04-May-2019 22:06:41.039, 0.0565, 0.4021,-0.0427
04-May-2019 22:06:41.058, 0.0561, 0.4115,-0.0450
04-May-2019 22:06:41.077, 0.0549, 0.4206,-0.0470
04-May-2019 22:06:41.097, 0.0535, 0.4290,-0.0485
04-May-2019 22:06:41.116, 0.0526, 0.4365,-0.0499
04-May-2019 22:06:41.136, 0.0522, 0.4438,-0.0526
04-May-2019 22:06:41.155, 0.0511, 0.4508,-0.0541
04-May-2019 22:06:41.175, 0.0492, 0.4584,-0.0554
04-May-2019 22:06:41.195, 0.0474, 0.4654,-0.0562
04-May-2019 22:06:41.214, 0.0465, 0.4698,-0.0566
04-May-2019 22:06:41.233, 0.0458, 0.4749,-0.0569
04-May-2019 22:06:41.253, 0.0453, 0.4796,-0.0572
04-May-2019 22:06:41.272, 0.0447, 0.4840,-0.0575
04-May-2019 22:06:41.292, 0.0443, 0.4882,-0.0577
04-May-2019 22:06:41.311, 0.0444, 0.4919,-0.0579
04-May-2019 22:06:41.330, 0.0449, 0.4946,-0.0583
04-May-2019 22:06:41.350, 0.0452, 0.4966,-0.0588
04-May-2019 22:06:41.370, 0.0455, 0.4996,-0.0595
04-May-2019 22:06:41.389, 0.0459, 0.5049,-0.0605
04-May-2019 22:06:41.409, 0.0458, 0.5105,-0.0615
04-May-2019 22:06:41.428, 0.0442, 0.5193,-0.0628
04-May-2019 22:06:41.448, 0.0418, 0.5276,-0.0638
04-May-2019 22:06:41.467, 0.0406, 0.5340,-0.0647
04-May-2019 22:06:41.486, 0.0414, 0.5393,-0.0656
04-May-2019 22:06:41.506, 0.0419, 0.5454,-0.0662
04-May-2019 22:06:41.525, 0.0405, 0.5531,-0.0667
04-May-2019 22:06:41.544, 0.0374, 0.5613,-0.0667
04-May-2019 22:06:41.565, 0.0338, 0.5695,-0.0665
04-May-2019 22:06:41.584, 0.0303, 0.5775,-0.0663
04-May-2019 22:06:41.603, 0.0283, 0.5823,-0.0663
04-May-2019 22:06:41.622, 0.0270, 0.5871,-0.0661
04-May-2019 22:06:41.642, 0.0273, 0.5915,-0.0658
04-May-2019 22:06:41.662, 0.0274, 0.5962,-0.0655
04-May-2019 22:06:41.681, 0.0266, 0.6013,-0.0654
04-May-2019 22:06:41.700, 0.0251, 0.6069,-0.0652
04-May-2019 22:06:41.720, 0.0247, 0.6116,-0.0649
04-May-2019 22:06:41.739, 0.0266, 0.6143,-0.0646
04-May-2019 22:06:41.759, 0.0294, 0.6165,-0.0643
04-May-2019 22:06:41.778, 0.0307, 0.6189,-0.0640
04-May-2019 22:06:41.798, 0.0317, 0.6230,-0.0636
04-May-2019 22:06:41.817, 0.0325, 0.6274,-0.0631
04-May-2019 22:06:41.837, 0.0335, 0.6316,-0.0626
04-May-2019 22:06:41.856, 0.0358, 0.6354,-0.0621
04-May-2019 22:06:41.875, 0.0390, 0.6394,-0.0619
04-May-2019 22:06:41.896, 0.0420, 0.6436,-0.0616
04-May-2019 22:06:41.915, 0.0440, 0.6474,-0.0610
04-May-2019 22:06:41.935, 0.0454, 0.6512,-0.0603
04-May-2019 22:06:41.953, 0.0462, 0.6542,-0.0599
04-May-2019 22:06:41.973, 0.0468, 0.6582,-0.0593
04-May-2019 22:06:41.992, 0.0470, 0.6623,-0.0585
04-May-2019 22:06:42.012, 0.0473, 0.6667,-0.0578
04-May-2019 22:06:42.031, 0.0479, 0.6710,-0.0574
04-May-2019 22:06:42.050, 0.0487, 0.6745,-0.0573
04-May-2019 22:06:42.070, 0.0496, 0.6768,-0.0572
04-May-2019 22:06:42.090, 0.0506, 0.6796,-0.0571
04-May-2019 22:06:42.109, 0.0508, 0.6834,-0.0571
04-May-2019 22:06:42.129, 0.0493, 0.6885,-0.0569
04-May-2019 22:06:42.148, 0.0474, 0.6933,-0.0566
04-May-2019 22:06:42.167, 0.0444, 0.6997,-0.0560
04-May-2019 22:06:42.187, 0.0419, 0.7053,-0.0549
04-May-2019 22:06:42.206, 0.0402, 0.7102,-0.0536
04-May-2019 22:06:42.226, 0.0388, 0.7150,-0.0524
04-May-2019 22:06:42.245, 0.0378, 0.7197,-0.0518
04-May-2019 22:06:42.265, 0.0372, 0.7236,-0.0513
04-May-2019 22:06:42.285, 0.0382, 0.7265,-0.0509
04-May-2019 22:06:42.304, 0.0395, 0.7285,-0.0508
04-May-2019 22:06:42.323, 0.0412, 0.7316,-0.0509
04-May-2019 22:06:42.342, 0.0416, 0.7353,-0.0508
04-May-2019 22:06:42.362, 0.0409, 0.7393,-0.0505
04-May-2019 22:06:42.382, 0.0398, 0.7432,-0.0499
04-May-2019 22:06:42.401, 0.0384, 0.7464,-0.0490
04-May-2019 22:06:42.420, 0.0372, 0.7490,-0.0473
04-May-2019 22:06:42.440, 0.0367, 0.7512,-0.0453
04-May-2019 22:06:42.460, 0.0368, 0.7535,-0.0439
04-May-2019 22:06:42.479, 0.0371, 0.7565,-0.0437
04-May-2019 22:06:42.499, 0.0380, 0.7604,-0.0447
04-May-2019 22:06:42.518, 0.0391, 0.7636,-0.0459
04-May-2019 22:06:42.537, 0.0410, 0.7682,-0.0476
04-May-2019 22:06:42.556, 0.0431, 0.7730,-0.0490
04-May-2019 22:06:42.576, 0.0446, 0.7781,-0.0499
04-May-2019 22:06:42.596, 0.0446, 0.7834,-0.0502
04-May-2019 22:06:42.615, 0.0437, 0.7894,-0.0501
04-May-2019 22:06:42.635, 0.0427, 0.7953,-0.0499
04-May-2019 22:06:42.654, 0.0419, 0.8005,-0.0494
04-May-2019 22:06:42.673, 0.0412, 0.8037,-0.0489
04-May-2019 22:06:42.693, 0.0409, 0.8074,-0.0481
04-May-2019 22:06:42.712, 0.0409, 0.8107,-0.0475
04-May-2019 22:06:42.732, 0.0411, 0.8140,-0.0469
04-May-2019 22:06:42.751, 0.0408, 0.8175,-0.0462
04-May-2019 22:06:42.771, 0.0399, 0.8214,-0.0451
04-May-2019 22:06:42.790, 0.0386, 0.8252,-0.0442
04-May-2019 22:06:42.810, 0.0376, 0.8288,-0.0437
04-May-2019 22:06:42.830, 0.0378, 0.8321,-0.0437
04-May-2019 22:06:42.850, 0.0391, 0.8353,-0.0440
04-May-2019 22:06:42.868, 0.0402, 0.8377,-0.0443
04-May-2019 22:06:42.888, 0.0407, 0.8409,-0.0444
04-May-2019 22:06:42.908, 0.0400, 0.8445,-0.0442
04-May-2019 22:06:42.926, 0.0390, 0.8485,-0.0440
04-May-2019 22:06:42.946, 0.0386, 0.8526,-0.0438
04-May-2019 22:06:42.965, 0.0394, 0.8565,-0.0439
04-May-2019 22:06:42.985, 0.0410, 0.8596,-0.0442
04-May-2019 22:06:43.004, 0.0423, 0.8626,-0.0445
04-May-2019 22:06:43.024, 0.0425, 0.8662,-0.0447
04-May-2019 22:06:43.043, 0.0424, 0.8692,-0.0447
04-May-2019 22:06:43.063, 0.0421, 0.8730,-0.0447
04-May-2019 22:06:43.082, 0.0414, 0.8766,-0.0443
04-May-2019 22:06:43.102, 0.0399, 0.8799,-0.0428
04-May-2019 22:06:43.121, 0.0385, 0.8817,-0.0408
04-May-2019 22:06:43.140, 0.0373, 0.8830,-0.0389
04-May-2019 22:06:43.160, 0.0352, 0.8855,-0.0373
04-May-2019 22:06:43.179, 0.0332, 0.8888,-0.0361
04-May-2019 22:06:43.200, 0.0326, 0.8925,-0.0355
04-May-2019 22:06:43.218, 0.0328, 0.8955,-0.0351
04-May-2019 22:06:43.238, 0.0333, 0.8995,-0.0350
04-May-2019 22:06:43.257, 0.0339, 0.9037,-0.0350
04-May-2019 22:06:43.277, 0.0350, 0.9080,-0.0356
04-May-2019 22:06:43.296, 0.0359, 0.9127,-0.0367
04-May-2019 22:06:43.316, 0.0366, 0.9178,-0.0380
04-May-2019 22:06:43.335, 0.0374, 0.9231,-0.0396
04-May-2019 22:06:43.355, 0.0388, 0.9281,-0.0416
04-May-2019 22:06:43.375, 0.0413, 0.9328,-0.0441
04-May-2019 22:06:43.395, 0.0447, 0.9370,-0.0463
04-May-2019 22:06:43.414, 0.0485, 0.9406,-0.0481
04-May-2019 22:06:43.433, 0.0510, 0.9432,-0.0493
04-May-2019 22:06:43.452, 0.0541, 0.9465,-0.0512
04-May-2019 22:06:43.472, 0.0570, 0.9497,-0.0533
04-May-2019 22:06:43.491, 0.0603, 0.9528,-0.0558
04-May-2019 22:06:43.510, 0.0641, 0.9563,-0.0589
04-May-2019 22:06:43.530, 0.0686, 0.9599,-0.0624
04-May-2019 22:06:43.550, 0.0729, 0.9633,-0.0661
04-May-2019 22:06:43.570, 0.0765, 0.9667,-0.0695
04-May-2019 22:06:43.588, 0.0787, 0.9697,-0.0718
04-May-2019 22:06:43.608, 0.0811, 0.9739,-0.0743
04-May-2019 22:06:43.627, 0.0829, 0.9787,-0.0766
04-May-2019 22:06:43.647, 0.0843, 0.9840,-0.0786
04-May-2019 22:06:43.666, 0.0860, 0.9898,-0.0806
04-May-2019 22:06:43.685, 0.0874, 0.9960,-0.0820
04-May-2019 22:06:43.705, 0.0876, 1.0025,-0.0826
04-May-2019 22:06:43.724, 0.0863, 1.0098,-0.0827
04-May-2019 22:06:43.744, 0.0848, 1.0177,-0.0827
04-May-2019 22:06:43.764, 0.0839, 1.0257,-0.0830
04-May-2019 22:06:43.783, 0.0842, 1.0318,-0.0836
04-May-2019 22:06:43.802, 0.0850, 1.0394,-0.0846
04-May-2019 22:06:43.822, 0.0863, 1.0457,-0.0856
04-May-2019 22:06:43.841, 0.0876, 1.0508,-0.0860
04-May-2019 22:06:43.861, 0.0886, 1.0553,-0.0861
04-May-2019 22:06:43.880, 0.0892, 1.0599,-0.0856
04-May-2019 22:06:43.900, 0.0887, 1.0651,-0.0843
04-May-2019 22:06:43.919, 0.0869, 1.0707,-0.0825
04-May-2019 22:06:43.939, 0.0854, 1.0763,-0.0810
04-May-2019 22:06:43.958, 0.0856, 1.0812,-0.0805
04-May-2019 22:06:43.978, 0.0866, 1.0845,-0.0807
04-May-2019 22:06:43.997, 0.0882, 1.0884,-0.0814
04-May-2019 22:06:44.017, 0.0896, 1.0922,-0.0825
04-May-2019 22:06:44.036, 0.0910, 1.0963,-0.0841
04-May-2019 22:06:44.055, 0.0923, 1.1006,-0.0856
04-May-2019 22:06:44.075, 0.0935, 1.1050,-0.0870
04-May-2019 22:06:44.095, 0.0958, 1.1098,-0.0884
04-May-2019 22:06:44.115, 0.0988, 1.1147,-0.0898
04-May-2019 22:06:44.133, 0.1005, 1.1182,-0.0905
04-May-2019 22:06:44.153, 0.1028, 1.1227,-0.0918
04-May-2019 22:06:44.172, 0.1048, 1.1272,-0.0931
04-May-2019 22:06:44.192, 0.1070, 1.1321,-0.0948
04-May-2019 22:06:44.211, 0.1087, 1.1377,-0.0966
04-May-2019 22:06:44.231, 0.1108, 1.1439,-0.0989
04-May-2019 22:06:44.250, 0.1136, 1.1505,-0.1017
04-May-2019 22:06:44.269, 0.1163, 1.1572,-0.1046
04-May-2019 22:06:44.289, 0.1190, 1.1635,-0.1077
04-May-2019 22:06:44.309, 0.1207, 1.1678,-0.1098
04-May-2019 22:06:44.328, 0.1223, 1.1730,-0.1126
04-May-2019 22:06:44.348, 0.1240, 1.1785,-0.1157
04-May-2019 22:06:44.367, 0.1255, 1.1844,-0.1185
04-May-2019 22:06:44.386, 0.1274, 1.1899,-0.1209
04-May-2019 22:06:44.406, 0.1302, 1.1940,-0.1229
04-May-2019 22:06:44.425, 0.1332, 1.1973,-0.1249
04-May-2019 22:06:44.444, 0.1354, 1.2001,-0.1273
04-May-2019 22:06:44.465, 0.1370, 1.2025,-0.1291
04-May-2019 22:06:44.485, 0.1377, 1.2052,-0.1303
04-May-2019 22:06:44.503, 0.1374, 1.2077,-0.1306
04-May-2019 22:06:44.523, 0.1372, 1.2109,-0.1308
04-May-2019 22:06:44.542, 0.1378, 1.2137,-0.1314
04-May-2019 22:06:44.562, 0.1385, 1.2165,-0.1323
04-May-2019 22:06:44.581, 0.1398, 1.2195,-0.1335
04-May-2019 22:06:44.600, 0.1420, 1.2229,-0.1362
04-May-2019 22:06:44.620, 0.1448, 1.2272,-0.1403
04-May-2019 22:06:44.639, 0.1469, 1.2322,-0.1443
04-May-2019 22:06:44.660, 0.1483, 1.2375,-0.1477
04-May-2019 22:06:44.678, 0.1496, 1.2429,-0.1508
04-May-2019 22:06:44.698, 0.1507, 1.2467,-0.1529
04-May-2019 22:06:44.717, 0.1529, 1.2514,-0.1561
04-May-2019 22:06:44.737, 0.1567, 1.2560,-0.1603
04-May-2019 22:06:44.756, 0.1602, 1.2607,-0.1643
04-May-2019 22:06:44.776, 0.1622, 1.2649,-0.1670
04-May-2019 22:06:44.795, 0.1626, 1.2686,-0.1689
04-May-2019 22:06:44.815, 0.1628, 1.2724,-0.1713
04-May-2019 22:06:44.835, 0.1640, 1.2762,-0.1744
04-May-2019 22:06:44.854, 0.1655, 1.2792,-0.1771
04-May-2019 22:06:44.873, 0.1676, 1.2826,-0.1804
04-May-2019 22:06:44.892, 0.1691, 1.2853,-0.1829
04-May-2019 22:06:44.912, 0.1716, 1.2879,-0.1860
04-May-2019 22:06:44.932, 0.1759, 1.2919,-0.1908
04-May-2019 22:06:44.951, 0.1803, 1.2970,-0.1960
04-May-2019 22:06:44.970, 0.1831, 1.3023,-0.1997
04-May-2019 22:06:44.989, 0.1855, 1.3078,-0.2027
04-May-2019 22:06:45.010, 0.1852, 1.3146,-0.2036
04-May-2019 22:06:45.030, 0.1815, 1.3231,-0.2020
04-May-2019 22:06:45.048, 0.1789, 1.3292,-0.2004
04-May-2019 22:06:45.068, 0.1796, 1.3358,-0.2008
04-May-2019 22:06:45.087, 0.1846, 1.3409,-0.2050
04-May-2019 22:06:45.106, 0.1912, 1.3454,-0.2112
04-May-2019 22:06:45.126, 0.1976, 1.3504,-0.2177
04-May-2019 22:06:45.145, 0.2019, 1.3555,-0.2232
04-May-2019 22:06:45.165, 0.2044, 1.3596,-0.2269
04-May-2019 22:06:45.185, 0.2072, 1.3629,-0.2306
04-May-2019 22:06:45.204, 0.2130, 1.3659,-0.2366
04-May-2019 22:06:45.223, 0.2212, 1.3684,-0.2442
04-May-2019 22:06:45.243, 0.2283, 1.3705,-0.2510
04-May-2019 22:06:45.262, 0.2381, 1.3739,-0.2609
04-May-2019 22:06:45.282, 0.2481, 1.3778,-0.2719
04-May-2019 22:06:45.301, 0.2583, 1.3812,-0.2837
04-May-2019 22:06:45.320, 0.2704, 1.3843,-0.2973
04-May-2019 22:06:45.340, 0.2803, 1.3874,-0.3085
04-May-2019 22:06:45.359, 0.2872, 1.3901,-0.3163
04-May-2019 22:06:45.379, 0.2921, 1.3931,-0.3227
04-May-2019 22:06:45.399, 0.2959, 1.3957,-0.3277
04-May-2019 22:06:45.418, 0.3015, 1.3994,-0.3348
04-May-2019 22:06:45.437, 0.3053, 1.4027,-0.3397
04-May-2019 22:06:45.457, 0.3055, 1.4047,-0.3402
04-May-2019 22:06:45.477, 0.3053, 1.4069,-0.3405
04-May-2019 22:06:45.496, 0.3067, 1.4095,-0.3422
04-May-2019 22:06:45.516, 0.3071, 1.4121,-0.3429
04-May-2019 22:06:45.535, 0.3057, 1.4140,-0.3424
04-May-2019 22:06:45.555, 0.3024, 1.4156,-0.3396
04-May-2019 22:06:45.575, 0.2975, 1.4169,-0.3345
04-May-2019 22:06:45.593, 0.2937, 1.4179,-0.3302
04-May-2019 22:06:45.613, 0.2861, 1.4197,-0.3222
04-May-2019 22:06:45.632, 0.2733, 1.4209,-0.3100
04-May-2019 22:06:45.651, 0.2575, 1.4214,-0.2957
04-May-2019 22:06:45.671, 0.2393, 1.4204,-0.2794
04-May-2019 22:06:45.690, 0.2236, 1.4198,-0.2650
04-May-2019 22:06:45.710, 0.2118, 1.4201,-0.2531
04-May-2019 22:06:45.730, 0.2021, 1.4205,-0.2425
04-May-2019 22:06:45.751, 0.1929, 1.4205,-0.2329
04-May-2019 22:06:45.768, 0.1840, 1.4199,-0.2243
04-May-2019 22:06:45.787, 0.1790, 1.4194,-0.2195
04-May-2019 22:06:45.807, 0.1771, 1.4192,-0.2171
04-May-2019 22:06:45.826, 0.1787, 1.4193,-0.2176
04-May-2019 22:06:45.846, 0.1804, 1.4199,-0.2183
04-May-2019 22:06:45.866, 0.1806, 1.4194,-0.2190
04-May-2019 22:06:45.885, 0.1795, 1.4179,-0.2195
04-May-2019 22:06:45.904, 0.1817, 1.4168,-0.2219
04-May-2019 22:06:45.924, 0.1892, 1.4170,-0.2280
04-May-2019 22:06:45.944, 0.1968, 1.4174,-0.2340
